marker,gene,gmsdis_coef,gmsdis_coef_pval,gmsdis_pval_fdr
3007_7_2,SIGLEC9,-0.100470422,0.026471458,0.002489485
13424_51_3,AIFM1,0.867069274,0.011708625,0.02442056
11139_4_3,TREML4,0.620002965,0.0184,0.042208957
11146_4_3,TBX22,0.178052387,0.011804066,0.02265235
10548_35_3,KLRG1,0.282923839,0.031252297,0.00549374
13116_25_3,CD177,0.136707646,0.0349,1.22e-8
7268_12_3,IFNA4,-0.242818667,0.018831307,0.018627956
8960_3_3,ERAP2,0.117283749,0.0108,1.55e-9
10365_132_3,IL23A,-0.638581093,2.48e-7,5.87e-6
2579_17_5,MMP9,-0.656114116,3.11951e-4,3.27421e-4
10506_53_3,PGRMC2,0.221782404,0.008072947,0.030047252
13733_5_3,IL12B,-0.649271176,4.27e-6,1.54797e-4
6405_74_3,PSG2,0.208593375,0.004669073,0.020393118
11154_3_3,NFE2L1,0.253321781,0.00367296,0.011578228
4569_52_2,SORCS2,-0.212019327,0.010565843,0.011463624
12403_30_3,RAB39B,0.178263069,0.004592308,0.011103768
9177_6_3,FAM3B,-0.332904192,8.94035e-4,0.017223111
4491_4_2,IL5RA,0.417430729,0.035153651,0.036599342
2789_26_2,MMP7,0.221239582,0.00497,1.04e-6
8465_52_3,CTSH,0.174666323,4.23e-4,1.92e-6
4394_71_2,FGF8,-0.145011943,0.011401834,0.031577874
12394_53_3,C16orf54,-0.150027257,0.00696,0.04057888
9368_64_3,LRTM1,-0.13316428,0.00187,3.01e-15
6617_12_3,FCRL6,-0.342390443,0.004955861,0.024072879
4449_67_3,GREM1,-0.200672995,0.00265891,0.040358495
4397_26_2,IFNL2,-0.221424974,1.17267e-4,0.003247549
11934_9_3,INTS3,-0.133296425,0.008768308,0.038666067
12587_65_3,ARL2,0.084523392,0.0116,0.025250859
13487_24_3,UNC93B1,0.34108289,5.94e-6,7.8e-6
6237_11_3,FGFRL1,0.123195608,0.0114,0.004671257
2988_57_2,ICOS,-0.29349125,0.001991566,0.009115919
9313_27_3,CBLN1,-0.200207967,1.06e-4,2.69e-7
7969_163_3,WFDC11,0.243381731,0.002853493,0.010582623
13435_31_3,IL20RB,0.305241044,0.001330428,0.02312708
4479_14_2,SERPING1,0.245409394,0.008571543,0.025197937
10351_51_3,IRF1,0.12236293,0.0376,3.2e-5
6650_20_3,POSTN,0.281587132,0.002806695,1.97405e-4
11186_12_3,TMEM52,-0.211184569,0.006028596,3.31e-4
3506_49_1,LTA,-0.406528185,0.004992685,0.00474017
8232_90_3,AMICA1,0.075350204,0.0486,0.014513103
12826_5_3,SLC5A5,-0.177579998,0.014907629,0.00557444
12422_143_3,ALOX15B,0.384601205,5.37e-5,2.48e-6
3487_32_2,CXCL13,-0.582791917,1.41398e-4,0.003401743
11174_8_3,THSD7A,-0.107257475,0.044361263,0.027987426
8021_59_3,MRPL14,0.406700742,7.58712e-4,0.012430792
2607_54_2,CLCF1,-0.207652049,0.002046631,0.014191494
11266_8_3,SELPLG,0.208323095,3.52137e-4,9.71e-8
9578_263_3,MANSC4,0.124674044,0.00397,0.001077764
3891_56_1,MBD4,-0.184414263,0.009002862,0.049415682
13701_2_3,CXCL13,-0.520221011,8.9846e-4,0.015182035
13686_2_3,IL5RA,0.288560981,0.008479004,0.013796074
13028_2_3,EVI2B,-0.147477065,0.00453,2.15212e-4
13405_61_3,SPINK2,0.27095025700000003,4.92e-6,4.68e-8
3389_7_2,SERPINA5,0.366066293,4.6781e-4,8.55e-8
9940_35_3,DUSP28,0.20258901,0.002636485,0.010095179
4914_10_1,CGA,0.309737535,9.91e-4,2.46e-15
5834_18_3,IL9,0.124292696,0.00306,2.35e-13
11262_39_3,TRABD,0.15674019,0.0026437,0.012309198
11837_7_3,TNFRSF18,-0.310929495,3.29e-13,5.85e-20
9028_5_3,MTPAP,0.185509826,0.00239,7.78e-5
3795_6_2,ADAM9,0.13919063,0.012,5.0838e-4
3172_28_2,ARSB,0.132644417,0.003775466,0.006454799
3446_7_2,IL18R1,0.149482342,6.14e-5,4.31666e-4
4374_45_2,GDF15,0.206849047,1.92e-4,6.35e-11
2630_12_2,IL1RAP,0.17062242,6.56458e-4,6.58e-8
5098_79_3,KLRF1,-0.289112629,8.51766e-4,0.008485015
11185_145_3,GCH1,-0.196495251,2.05165e-4,0.007684061
8631_13_3,ERMAP,0.214053729,7.88032e-4,0.006558448
7099_33_3,FSTL5,-0.125050342,0.00394,6.31519e-4
10737_96_3,SERPINB1,0.121917364,0.004339503,0.0436
9885_41_3,RAP2A,0.243337578,9.03355e-4,0.023150509
12667_2_3,GDA,-0.212120819,0.014911462,1.86e-5
2652_15_1,PLAUR,0.157264883,2.84e-4,4.45e-5
8897_3_3,LRRC37A2,-0.203526635,6.4755e-4,8.74e-5
13519_112_3,ARHGEF25,0.16720345,0.013785322,0.045164991
7065_1_4,MPIG6B,0.121752983,0.042060812,0.002211152
5728_60_3,FCRL1,-0.362623168,9.9e-5,1.4615e-4
6252_62_3,SCGB3A1,0.106351775,0.014460276,0.016781742
9365_91_3,EYS,-0.209203967,0.00922,0.022429689
14704_10_3,DDR1,0.253621697,0.00198,3.26418e-4
6606_61_3,KISS1,-0.192345298,0.01870034,0.018714011
9569_14_3,SCARA3,0.29243022,2.52e-10,3.59e-11
2635_61_2,LAYN,-0.169900112,0.0031,1.36921e-4
8683_119_3,PILRA,-0.195553823,0.004291684,0.044920786
8032_23_3,MCCD1,0.174875604,0.047146726,0.001736323
8003_57_3,LGI3,0.217608977,4.77813e-4,0.001357239
6512_68_3,KREMEN1,0.244903294,2.28e-4,2.59197e-4
8601_167_3,LRP1,0.368278549,2.58e-9,2.13e-13
4561_65_2,BIRC7,-0.234387205,0.002612408,0.024173291
5675_6_3,PRELP,0.124579012,0.001722565,0.002352617
13708_56_3,KLK8,0.119906416,0.032827484,0.0184
11287_14_3,CYB5A,0.463666103,1.77e-10,6.09e-10
14026_24_3,IL17F,-0.19785838,0.0182874,0.031577874
12726_3_3,RFXAP,-0.225890052,0.002689198,7.3026e-4
8980_19_3,CD200R1L,0.242458396,0.037592276,9.29081e-4
12777_11_3,SF1,0.170375026,0.028314719,1.05e-5
12597_68_3,ATG5,0.298166165,5.83e-5,4.93476e-4
9094_5_3,CLEC4C,-0.351059973,1.21e-6,3.54e-5
9172_69_3,MMP8,0.378551196,0.002379128,8.07e-5
4284_18_3,RBM39,-0.17732377,9.06663e-4,0.012875551
3067_67_1,GDF9,-0.251756238,0.001519599,0.01146603
6230_56_3,CER1,-0.164237761,1.73236e-4,1.4e-5
9227_15_3,PDCD1,0.352182241,0.001029857,0.00828536
7206_20_3,FBP1,0.154228283,0.033463329,1.12e-4
9191_8_3,TFF2,0.230404457,2.58e-5,2.1828e-4
11918_54_3,STOX1,0.297537457,0.002705611,0.005011021
3083_71_1,EDA2R,0.195650313,6.48e-5,4.13e-7
10977_55_3,UCMA,0.134334099,0.0061,1.23e-5
3508_78_3,CCL22,-0.375311873,8.26e-5,0.003359204
8971_9_3,NRXN1,-0.110706864,0.0256,5.86e-6
9316_67_3,WFDC1,-0.175875915,3.63e-6,1.11e-11
14095_1_3,KLRK1,0.232471372,0.010297221,0.041617243
10551_7_3,LAT,-0.313500057,5.12e-6,2.63607e-4
9715_15_3,IGSF3,0.124456664,0.0439,2.6e-4
9256_78_3,NPTX1,-0.144212914,0.0115,1.72e-11
7920_30_3,ST8SIA2,0.103002179,0.048842123,0.013124927
3603_60_4,CLEC7A,0.186392666,0.001601568,0.011118112
5023_23_1,ADSL,0.167329756,0.012229979,0.025577386
5634_39_3,POFUT1,0.277477571,1.93e-5,1.94461e-4
4567_82_2,SH2D1A,-0.364376921,6.63649e-4,0.008237506
4123_60_2,FGF4,-0.194753135,0.003603073,0.02312708
13681_173_3,CSNK2A2,0.352249984,1.24e-6,1.91e-6
2944_66_2,NBL1,0.119655604,0.00407,0.001478322
11377_19_3,ADH7,0.156046155,0.030894863,0.001825106
9369_174_3,LRRC4C,0.166836686,0.0101,8.07e-8
2994_71_2,IL1RL2,0.133074948,0.00738,1.68e-7
5596_75_3,CD5,0.102981959,0.00134,0.007409006
3216_2_2,PIGR,0.213527281,0.00148,1.29e-5
2843_13_2,SPINT2,0.170164078,0.003367991,8.10571e-4
10970_3_3,ART3,0.116054109,9.49e-4,1.3e-5
11129_66_3,BMP15,0.314953915,1.49906e-4,7.54135e-4
11390_24_3,CA8,0.280970993,3.96362e-4,3.38e-4
5490_53_3,SPOCK1,-0.117085393,0.023,8.38e-6
8249_124_3,ALK,0.139574644,0.033,6.31e-5
10438_19_3,CSF2RA,-0.192639607,8.7647e-4,0.003353097
13747_9_3,CA6,-0.139877102,0.00698,2.48e-10
12845_18_3,SNX17,-0.248181401,0.015821806,0.029358367
4153_11_2,SERPINA3,0.365355711,4.07e-7,1.26e-8
13499_30_3,F8,-0.190777665,0.003428578,0.013713752
9183_7_3,IFNAR1,0.097672083,0.0216,0.007057518
7923_41_3,SEMA4C,0.284800435,7.82e-8,4.24e-7
4866_59_2,NTRK2,0.118421808,0.0296,3.8e-8
7785_1_3,EFNB3,0.12921893,0.043479416,0.002019635
7970_315_3,ART3,0.108633981,0.00248,4.19e-5
2747_3_2,ULBP3,0.168538298,8.88e-4,0.001025053
8296_117_3,KDELC2,0.24411287,3.40433e-4,6.64792e-4
11308_8_3,CREB3L4,0.125884431,0.0278,0.008006076
14002_18_3,DOCK9,0.148305077,0.034308844,9.87e-5
3290_50_2,CD109,0.277528057,1.41e-6,5.9e-5
6378_2_3,C5orf38,-0.105526552,0.0458,6.31e-34
6940_18_3,JPH1,-0.137560863,0.020878403,0.032792827
6586_19_3,ADAM11,0.112624763,0.0216,0.009138943
5843_60_3,EHMT2,-0.297325684,2e-5,6.47431e-4
5016_61_2,PARK7,0.247642351,0.001013684,0.015364987
8766_29_3,LILRA5,0.191542685,8.42e-4,5.63e-13
5837_49_3,LIFR,0.105005621,0.0479,3e-4
3003_29_2,NCR3,-0.205530536,9.50557e-4,0.003188446
7815_49_3,IGFBPL1,0.288053351,3.67e-8,1.22e-6
8933_84_3,MEF2C,-0.165522876,0.016097744,0.00414
13596_3_3,RAB27B,0.172907763,0.028209937,2.87e-5
5093_47_3,JAG2,-0.252748629,5.89e-5,0.003008963
12453_161_3,NXF1,-0.204845849,0.0052422119999999996,0.030383879
13468_5_3,NEURL4,0.149764422,2.67e-4,0.009803125
3198_4_1,IDS,0.123926873,0.0459,6.73e-5
9305_89_3,IFNGR2,0.136178752,0.0438,3.08344e-4
11212_7_3,TXNDC5,0.241616894,0.001499808,0.001774486
5262_57_3,BCAR3,-0.228290615,0.007165678,0.046066784
10022_207_3,POLH,-0.18658462,0.005614806,0.012979966
3587_53_2,BMP10,-0.263301122,8.46739e-4,0.011926504
8002_27_3,TMPRSS5,0.325898907,1.4e-7,2.75e-9
12779_30_3,PRDM4,-0.278897453,0.002413713,0.009489925
6356_3_3,CPB1,-0.259265262,6.78e-7,1.15e-5
11164_7_3,TENM2,0.18035932,0.022175661,0.002191759
6956_37_3,FAF2,-0.210929809,0.003728956,0.024093116
11919_84_3,LRIT3,0.26977566,0.013717818,6.4343e-4
3423_59_2,CMA1,-0.376463779,1.6423e-4,0.002143047
10615_18_3,MPZ,0.247046334,1.34e-4,5.03251e-4
7789_182_3,PRDX4,-0.112085385,0.024367795,0.022219652
11138_16_3,RUNX3,-0.293255312,0.004023798,0.00648243
4991_12_1,GPC5,0.130738275,0.0233,0.005081685
3761_4_2,PTGS2,-0.362344554,1.06e-5,5.83776e-4
2762_30_2,FGF19,-0.151374338,4.38e-4,8.31e-6
5068_54_3,CRTAM,-0.270189111,0.001486036,0.015734035
5813_58_3,EPO,0.273192309,1.16279e-4,5.02e-6
7012_35_3,VNN2,0.199749679,0.00243,1.35e-9
8383_20_3,C11orf94,-0.253434123,7.23e-5,8.96104e-4
8013_9_3,LMAN2L,0.130118389,0.00508,0.003379126
3642_4_1,CD84,0.179684,1.85e-4,0.001198674
6583_67_3,SERPINA10,-0.185355075,0.007197036,0.004172956
8053_16_3,DNAJB14,0.125868988,0.0368,0.003387634
6551_94_3,SERPINA12,-0.257156589,0.001305916,0.006918434
9297_12_3,B3GNT8,0.143246447,0.00516,2.34e-8
13566_2_3,SSU72,-0.206060941,1.46011e-4,0.001233033
2834_54_1,KLK8,0.13317495,0.017263707,0.0111
2645_54_1,PRKCZ,-0.245975504,0.001909847,0.01558483
3881_49_2,DYNLL1,-0.128019262,0.032218574,0.001171531
9294_45_3,MFAP2,0.077551432,0.040378652,0.002252912
6462_12_3,TIMP4,-0.243688648,1.19e-7,4.18e-8
2677_1_1,EGFR,0.140909011,0.0227,0.00275
6904_14_3,LRRTM2,0.141890697,0.0116,1.01e-5
11440_58_3,SOCS3,0.121467747,0.001494522,0.02125264
10761_5_3,TMED2,0.087287464,0.048,0.0436
3521_16_2,CGA,-0.182889818,0.014974509,0.004946563
10420_30_3,FAIM,0.136668512,0.004972308,0.03551224
5084_154_3,IL17RB,0.213661257,4.48078e-4,0.001971575
9266_1_3,TREM1,0.411076222,1.36e-6,1.85e-9
3505_6_2,LTB,-0.360848413,7.51805e-4,3.51e-5
2900_53_3,CCL14,0.175962138,0.00147,1.18e-6
11546_7_3,CYGB,0.130285781,0.001226985,0.004728089
6521_35_3,NPTX2,-0.127612182,0.00471,6.47e-13
7953_20_3,SLAMF1,0.290250489,0.002795064,1.61521e-4
6923_1_3,PLOD2,-0.173391523,1.87195e-4,1.2e-6
2719_3_4,CSF3R,-0.186760633,0.002343884,0.038234744
4272_46_2,GPI,0.219696226,0.001341545,0.001477988
4336_2_1,SAA1,0.150960265,0.015017827,6.14e-7
2743_5_2,SHH,0.110099658,0.00426,2.67e-6
2763_66_2,FGF20,-0.222937799,2.98412e-4,0.003865761
6421_52_3,IFNA16,-0.252420417,5.19088e-4,0.011103768
12847_27_3,RNGTT,-0.173365392,0.013878617,0.021250403
6545_58_3,PRNP,-0.191919508,0.004267359,0.005187413
7795_14_3,KLRC3,0.521322628,1.42e-7,4.58e-7
14079_14_3,IL18R1,0.223517716,1.31e-7,1.58e-5
6412_26_3,IER3IP1,0.124499732,0.024781079,0.019388778
7127_3_3,APOA2,-0.165545966,2.4196e-4,6.16e-6
14035_13_3,TIAM1,0.173803999,0.012269341,3.83e-4
9728_4_3,CCNB1IP1,0.249508478,9.24967e-4,0.007408372
5934_1_3,FTL,0.207530778,4.53e-4,8.3e-14
8750_46_3,VCL,-0.234997268,0.001291915,0.014610534
8005_1_3,MXRA7,0.337664198,1.54e-8,1.09e-6
12808_103_3,CARHSP1,0.227289943,1.98e-4,3.12e-12
9999_1_3,IRF6,0.155079067,0.00239,0.023725623
9994_217_3,ATP4B,0.182122681,0.007641537,0.018939704
10606_34_3,TOR1AIP1,0.123557724,0.036429683,0.037965471
14093_10_3,FLT3LG,0.423090694,1.99e-7,1.32e-5
12878_60_3,OSBPL11,0.322303638,6.13e-8,2.02e-7
2475_1_3,KIT,-0.101043102,0.0336,0.018046296
6389_57_3,CUEDC2,-0.211414053,0.004097604,0.032294342
12867_40_3,DYNLT3,-0.227796691,0.004643177,0.00271353
12398_15_3,PAX4,-0.158111692,0.017983197,0.035765353
12358_6_3,IGBP1,0.225261431,0.002696714,0.029817951
2831_29_1,KLK11,-0.113490332,0.022893829,0.042181725
5722_78_3,PRCP,-0.187921355,0.001700796,0.004650047
2616_23_18,ERBB2,-0.189485216,3.51835e-4,0.0045011
9970_7_3,UBXN4,-0.169231279,0.005091686,0.002069027
8479_4_3,MMP10,0.205154375,0.012683363,0.007773068
2670_67_4,CKM,-0.181878044,0.004924083,0.046071918
7824_88_3,MSRB3,-0.136684509,0.0212,4.74e-11
6399_52_3,DEFB107A,-0.162565581,0.003504469,0.003481308
4435_66_2,ENPP7,0.131944638,0.022394647,0.00218
7185_29_3,GP5,0.215668314,0.00424,9.31e-6
8074_32_3,TMEM70,-0.243677164,0.00206652,0.028944113
13094_75_3,RSPO3,0.153065432,0.00334,1.17e-5
6627_25_3,PNLIPRP1,-0.188774075,0.004163555,0.04012922
4535_50_2,BST1,0.110112197,0.01285943,0.03715724
5134_52_2,HAVCR2,0.141644151,0.00117,0.008971791
9110_2_3,SYT17,-0.191975885,0.0024410120000000002,0.029880693
7769_29_3,SH3BP2,0.327108348,2.29e-5,5.06e-9
13431_74_3,FAM159A,0.346771179,3.35e-9,8.82e-9
6713_4_3,LRP11,0.111374212,0.0474,0.002713499
13123_3_3,FLRT3,0.132996646,0.00778,0.012832272
9787_23_3,COLEC12,0.385078417,5.39e-8,1.23e-11
2681_23_2,HGF,0.112741111,0.0385,0.008369104
12396_19_3,HIBCH,0.185615548,0.00622,0.001446597
4913_78_1,CCL16,0.168925578,2.16263e-4,1.49e-7
6280_11_3,PCDH8,-0.222613139,0.029343643,0.046782399
8427_118_3,RSPO3,0.128206443,0.011,3.41e-5
11969_5_3,S100A2,0.192150378,4.26183e-4,0.013787388
8702_42_3,OSCAR,0.189436608,0.001920878,0.006567287
4332_6_2,CLEC1B,0.174400218,0.017799067,7.82e-5
4568_17_2,SLITRK5,0.148258479,0.00621,5.90037e-4
5491_12_3,SPOCK2,-0.199115196,3.1439e-4,2.5678e-4
5749_53_3,CLPS,0.229220026,0.00387769,0.004923177
9264_11_3,CTSO,0.224177264,0.003021534,0.015682545
10616_67_3,PODXL2,-0.199563961,0.001582476,0.020061088
14662_6_3,MZF1,0.171008006,0.00603,1.8e-8
8327_26_3,DPEP2,0.110221899,0.0166,2.37e-12
4718_5_2,PPIB,-0.243792297,1.35642e-4,0.001410734
12721_4_3,TAX1BP1,0.117155022,0.019,0.004235694
10447_18_3,PABPC3,0.139739889,0.0253,0.014799815
5631_83_3,MLN,-0.252649282,3.43e-4,0.00306327
2705_5_2,CCL25,-0.358096606,1.9e-6,1.01e-6
6404_20_3,C1QL1,0.167499454,2.96e-5,7.33e-12
6430_36_3,FAM19A2,-0.190654621,0.005130471,0.04097711
3202_28_2,KREMEN2,-0.407813545,1.55268e-4,0.007054407
4997_19_1,EIF4A3,-0.269481854,2.23521e-4,0.001383356
14616_16_3,ZNF382,-0.218500193,9.38e-4,4.72e-9
9603_9_3,IL22RA1,0.267386447,2.11113e-4,0.002120958
5736_1_3,TREML2,0.235779078,5.04e-5,2.85e-5
10916_44_3,PLA2R1,0.119741145,0.005658624,3.95e-5
10001_7_3,RAF1,0.111960486,0.0158,4.99868e-4
5131_15_3,TNFRSF19,0.189277108,8.04e-5,9.06e-7
7267_2_3,SPTLC2,-0.243816063,8.08728e-4,0.012419642
7761_125_3,CHKB,0.263297923,2.44e-5,4.12e-11
4931_59_1,F3,0.164874374,0.001156305,0.00806253
7244_16_3,IGFLR1,0.268992657,7.56e-9,1.16e-7
4163_5_2,H2AFZ,-0.390868793,7.10763e-4,0.015108615
7856_51_3,FAM151A,-0.191989753,0.002534084,0.009298277
3317_33_1,HTRA2,0.123391915,0.0414,0.011314892
4459_68_2,PCSK7,-0.065088734,0.0482,0.004747284
3469_74_1,RPS6KA3,-0.217458988,0.00183615,0.020795692
6248_68_3,FAS,0.164922909,2.74e-5,1.13296e-4
14037_18_3,RANBP3,0.157725938,0.00253,0.020653239
9022_49_3,DEFB132,0.234000465,1.32e-5,2.77e-6
2828_82_2,SPINT1,0.155389618,0.022016463,4.49887e-4
11572_4_3,DNM2,0.115968034,0.0216,0.009127859
13661_193_3,CST5,0.278482358,0.001227132,0.018566765
12387_7_3,PDLIM4,0.164121729,0.0333,2.0565e-4
2765_4_3,GDF11,-0.08942211,0.0483,7.8e-6
8973_23_3,FCRL4,-0.169839927,0.009680987,0.001767057
7999_23_3,ENTPD1,0.246336381,1.1e-7,1.27e-6
11315_148_3,PPM1D,-0.125893304,0.004764309,0.013853689
4453_83_3,LRRTM3,-0.136492623,0.021840383,0.006427268
10752_8_3,CDYL2,0.289714642,9.69091e-4,0.015631092
8893_29_3,PARP1,-0.242615028,0.004376498,0.006117537
5825_49_3,IFNGR1,0.111684201,0.0203,0.002489485
9014_18_3,TMEM25,0.225450558,0.010991834,3.25639e-4
2632_5_2,IL12RB1,-0.23411858,0.001164079,0.01819388
9277_16_3,REG3A,0.445059918,2.97e-6,5.14e-6
9816_37_3,ISOC1,-0.203839961,5.51528e-4,0.005997711
12734_112_3,KIF22,-0.211602187,7.52987e-4,0.021444192
6234_74_3,VIT,0.118710205,0.0101,7.95e-10
5646_20_3,RNASE6,0.117006656,0.006837402,3.34917e-4
5355_69_3,TNFSF14,-0.240442333,0.003428455,0.029139085
14287_6_3,RAB5C,-0.19865469,0.014481386,0.00712867
8300_82_3,PEX14,0.109169309,0.0256,1.18e-4
9221_6_3,ITPRIPL1,0.236981386,3.61e-5,3.13902e-4
13724_27_3,FGF19,-0.14164891,9.45e-4,1.18e-5
12548_75_3,RRAGC,0.213496663,1.80819e-4,0.002191759
8398_277_3,RARRES1,-0.172275787,4.09142e-4,1.02e-5
14108_15_3,TGFB1,0.195557537,5.50793e-4,0.003635189
2516_57_3,CCL21,-0.123809225,0.0228,0.004235694
9067_152_3,CEP57,-0.181991937,0.004832516,0.024862526
7693_13_3,TNFRSF10B,0.124498171,0.00433,2.83025e-4
4549_78_2,FUT5,0.249548626,1.68e-7,2.58e-5
3438_10_2,FSTL3,0.154760217,0.0104,1.31e-14
8065_245_3,PATE4,-0.178231686,0.001248148,0.017812951
9182_3_3,LRP1,0.290855843,6.68e-5,7.18e-5
4721_54_2,TFF3,0.129061699,0.041387221,0.00336729
13926_1_3,RMI1,-0.219371827,0.007639112,0.021846987
7218_87_3,ATP1B2,0.145119883,0.0371,0.00234
3403_1_2,TPSB2,0.167593724,0.006183836,0.008485015
12790_10_3,CCDC51,-0.112927549,0.041253247,0.004503997
6444_15_3,PSG3,0.199990324,0.007634376,0.039023018
10499_1_3,TMEM106A,0.214957962,0.00163,0.012097752
8758_2_3,PCDHA7,0.21082075,5.41e-5,2.59e-7
5337_64_3,CD86,0.318886075,1.81e-8,1.07e-7
11659_31_3,CLINT1,0.15779724,0.00336,0.002341167
2939_10_2,ARTN,0.318096965,0.002352106,0.008123215
14747_9_3,CRLF1,0.247556561,4.61e-6,4.57702e-4
3281_19_1,ANGPTL3,-0.188212851,0.002089358,0.018244549
13494_6_3,CERS5,-0.214330763,0.004412836,0.016986484
6304_8_3,C1QTNF1,0.26514453,0.003570499,1.82e-7
13959_7_3,LAP3,-0.167735225,0.006354259,0.001587687
2748_3_2,INHBA,0.188933126,0.00615272,0.006558448
6603_18_3,KAL1,-0.166258274,0.009795197,6.60759e-4
11257_1_3,QDPR,-0.170536973,0.010110734,1.46e-7
9526_3_3,CLPSL1,-0.231711232,2.76171e-4,0.004694012
4460_8_2,PDPK1,-0.172322087,0.004102258,0.014021244
9524_46_3,SPATA31D4,-0.121948203,0.024386334,1.48629e-4
12694_28_3,DIMT1,-0.258192818,5.73e-5,0.002331936
3877_67_2,CAMKK1,-0.213468247,0.001746757,0.017118846
9598_23_3,CSMD1,0.265435822,3.91e-6,2.78e-5
10076_1_3,AP4M1,-0.171673403,0.004314944,0.007454766
4250_23_3,NSFL1C,0.168785167,0.00174,0.001488362
14133_93_3,IL1R2,0.119401632,0.00376,4.76e-13
13744_37_3,IL3RA,-0.157516427,0.00251,0.010396136
10721_76_3,PCDHGB4,0.174070381,0.004274167,0.023740627
8957_72_3,ERLEC1,0.142505546,0.00678,0.0218
13393_46_3,DERL1,0.187404891,0.002465258,0.009828816
8314_71_3,GNS,0.253490536,7.16e-5,1.1e-9
8565_160_3,PLVAP,0.131722236,0.049888272,0.043003831
3421_54_2,TNFSF8,0.234516096,8.71e-5,9.27787e-4
2455_17_4,IL12A,-0.356958162,8.91e-5,0.003264723
2805_6_2,ACE2,-0.16690596,0.002924901,0.002279888
4559_64_2,KYNU,-0.241230763,9.50634e-4,0.018282113
8403_18_3,FASN,0.166785799,0.041399558,0.010048839
3032_11_2,CGA,0.342575767,1.14e-7,9.45e-36
4246_40_2,L1CAM,-0.104090906,0.015,2.09e-10
14121_24_3,TNFRSF10D,0.15263474,0.0108,1.44e-5
8337_65_3,PTPRU,0.18554381,4.93808e-4,0.009273846
3321_2_2,IL24,-0.192502238,5.26723e-4,0.005393839
8462_18_3,GH1,-0.160900346,0.027634864,1.44e-5
8646_61_3,LRRTM4,-0.247158786,2.31135e-4,0.006614372
8372_29_3,CDHR1,-0.227008213,0.001280548,0.017819044
12804_5_3,GMEB2,-0.382900419,1.72991e-4,0.002331936
13580_2_3,UAP1,0.182570609,0.008159895,3.79e-6
10618_190_3,LRP2,-0.117728297,0.00771,4.18e-8
11297_54_3,NOTCH2,0.1261953,0.047615923,1.89e-11
6352_8_3,INSRR,0.099326915,0.0389,0.04197095
4330_4_2,KLK3,-0.161461759,0.0244,8.75e-8
14134_49_3,AMIGO2,0.256285993,1.37e-5,3.52e-6
9326_33_3,ITIH2,0.140799282,0.0237,1.79e-6
7146_16_3,PDIA4,0.201,2.7e-5,7.65508e-4
5704_74_3,GZMM,-0.220372642,2.95e-5,1.64e-6
6471_53_3,CFHR4,-0.22829214,1.12e-4,0.001333222
5111_15_3,NRXN3,-0.145409239,0.012437647,1.84043e-4
6207_10_3,PSAP,-0.106570295,0.021859351,0.004235694
2816_50_2,BCAM,0.117118547,0.0079522,0.00898402
4867_15_2,VEGFA,-0.173948492,0.00634865,0.024690186
3152_57_1,TNFRSF1B,0.320101304,2.39e-5,1.51e-5
10902_53_3,ASPRV1,-0.146245458,0.038135944,1.94186e-4
9439_454_3,C2orf82,-0.131292935,0.030586999,0.005206323
10700_10_3,IGSF11,-0.177624958,0.001743707,0.019317461
7245_2_3,CELF2,-0.355842488,0.003199548,0.016170657
14144_3_3,HIST3H2A,-0.338804072,7.28003e-4,0.012030729
4976_57_1,CRK,0.232369084,2.88794e-4,0.003401743
11270_17_3,CHCHD10,0.109930537,0.0367,0.002489485
8699_43_3,CRIM1,-0.309854168,0.001038411,0.018627956
9116_28_3,HEPACAM2,0.250202482,2.3176e-4,2.01614e-4
10914_4_3,CHIC2,0.219670364,4.19e-5,1.43643e-4
7161_25_3,H6PD,0.203639729,3.16e-4,0.001046948
7106_37_3,OOSP2,-0.255651996,1.74714e-4,0.00293637
10803_22_3,PCDHGB2,0.17529928,0.009062417,0.034386229
9757_29_3,ENAH,-0.229855687,4.06988e-4,0.00464
6260_14_3,FAM163A,0.096450451,0.0106,0.003366007
14091_42_3,CBR3,0.138358594,0.010121058,0.010574997
2835_1_4,XRCC6,-0.237350761,0.005912712,0.013092072
4962_52_1,CDNF,0.388977621,1.8e-10,6.84e-9
13670_81_3,PLA2G2E,0.162341185,0.002226503,0.005011021
5939_42_3,TNFSF12,0.118654512,0.0141,7.8e-6
10981_56_3,NRG3,0.090737814,0.0463,4.15e-5
14050_61_3,EFNA4,0.375505122,1.05e-9,1.14e-8
2991_9_2,IL1R1,0.281925299,4e-7,1.89e-11
4437_56_3,ENTPD5,-0.232865175,1.0912e-4,0.001412188
2649_77_2,ICAM3,-0.23887611,0.002791009,0.024734079
6590_54_3,NRP2,0.210289485,2.64e-5,4.39e-5
13972_4_3,HSD17B14,0.307069678,3.6e-6,1.68e-7
3431_54_2,EPHA1,0.100389563,0.0139,4.01e-15
8233_2_3,ITIH5,0.329096092,2.04e-5,2.3e-14
8368_102_3,TNFRSF1B,0.325953384,3.32e-5,4.08e-5
5116_62_2,ROBO2,-0.157293144,1.4e-4,6.27e-13
2741_22_2,SIGLEC6,-0.205635289,2.75052e-4,0.010048839
11678_105_3,GJD2,0.15713886,0.00776,0.00256
3038_9_2,CXCL11,-0.157300437,0.004295772,1.95596e-4
13941_82_3,FARS2,0.334414339,9.08e-6,1.67006e-4
3736_60_3,BMP6,0.228855292,1.89e-4,0.001618791
6361_49_3,PTPRR,-0.139947715,0.00222,2.64e-11
3405_6_2,UFC1,0.195019226,2.24234e-4,0.003176142
4455_89_2,MFGE8,-0.113280616,0.0441,8.26e-6
10584_7_3,NDUFS4,-0.241375932,3.23207e-4,0.002144076
10724_45_3,CLPB,-0.166089433,0.002008254,0.041885857
7776_20_3,UNC5B,-0.091672334,0.0355,1.33263e-4
14047_78_3,BDNF,-0.195068655,0.001729184,0.03215585
14246_50_3,DOK2,-0.269145863,1.42e-5,4.79e-5
3651_50_5,KDR,0.269121205,2.59e-8,6.2e-10
9384_17_3,CAMP,-0.166944773,0.003736634,0.042430081
14256_4_3,FBN3,-0.172625299,0.007040293,0.013272664
8891_7_3,CPVL,0.122360977,0.0231,0.003168069
8409_3_3,RSPO2,0.29877789,8.78e-6,5.67297e-4
10445_20_3,APOM,0.123918494,0.0111,2.28e-6
3814_63_1,IL11RA,0.220822826,8e-5,7.74663e-4
12357_41_3,SNAP29,0.240471408,1.70831e-4,0.003809333
11313_100_3,PCBD1,0.327356347,2.32592e-4,6.73e-5
3184_25_2,F7,-0.143257695,0.008317116,0.001542684
4801_13_3,LPO,0.229900308,0.00103,1.93e-5
11319_106_3,MRE11A,-0.267921339,0.004749085,0.026516601
11490_42_3,UBL4A,0.165928512,0.0016,9.84877e-4
7740_33_3,FATE1,-0.205527231,0.003544185,0.042790854
11672_17_3,KIF16B,-0.246981924,8.46262e-4,0.005263378
6410_26_3,INSL4,0.298898107,4.79e-5,0.002145543
12516_13_3,TEAD4,0.207192717,0.005636441,0.015170804
3208_2_4,MATN3,-0.274039139,3.0167e-4,0.008679768
11232_46_3,TCN1,0.315917767,3.77e-8,1.37e-11
12513_8_3,GLTP,0.29575738,9.15e-6,6.5208e-4
8235_48_3,CHGB,-0.332205786,6.91e-11,1.17e-15
9065_28_3,TXLNA,0.27797167,3.32e-6,2.04e-6
5630_48_3,CD300A,0.23196708,3.82e-6,2.59e-5
3445_53_2,IL15RA,-0.163103817,0.003894719,0.016796104
8850_5_3,PLA2G2C,-0.230946045,0.001136329,0.021221831
9075_121_3,KIAA1024,-0.192588593,0.003058901,0.03688302
10521_10_3,MXRA8,0.122449867,0.005508788,0.002230612
8370_102_3,DEFB119,-0.140533235,0.00708,2.0199999999999998e-24
2640_3_2,MST1R,-0.247915291,8.30712e-4,0.011060255
9218_7_3,FAS,0.148060258,3.63804e-4,5.74e-5
2948_58_2,GHR,-0.137108598,0.001062071,1.49e-4
9808_41_3,TNRC6B,0.229648029,4.03e-5,2.73349e-4
9127_4_3,SLC26A5,-0.145471557,0.024448774,0.040782068
13477_65_3,LTB4R,0.155410533,0.02568995,0.030679074
10370_21_3,STAT1,-0.355462466,3.95e-6,2.57953e-4
5392_73_2,FAS,0.091231236,0.016865153,0.007530047
7219_152_3,LIPA,0.231819567,4.1278e-4,0.007041875
10749_18_3,C1QTNF3,0.171860198,0.007052317,0.038941127
4550_3_2,FYN,-0.171017212,0.00363717,0.009888616
4785_30_3,SERPINA6,-0.174830338,0.005071235,0.046465709
10758_2_3,KERA,0.265807706,3.09024e-4,5e-7
13544_9_3,HMHA1,-0.177993125,0.0438636,0.032182721
3636_37_4,OLR1,0.167086088,5.51e-4,1.97e-5
8062_15_3,EVA1B,0.183051288,0.004486341,0.012111619
5484_63_3,RPS3A,-0.225429676,0.007309354,0.022126103
10894_25_3,SCGN,0.271787728,7.72014e-4,0.001563337
7893_19_3,OLR1,0.195401677,9.31e-5,7.31e-7
3232_28_2,ACP5,0.102180505,0.009037257,0.014151042
14708_59_3,C8G,-0.196610347,0.001299225,0.005693433
8275_31_3,PEAR1,0.2080029,6.77492e-4,7.31e-7
13948_50_3,GABBR2,0.110800903,0.013117286,0.001465819
6354_13_3,HEPHL1,-0.215062677,9.94389e-4,0.02265235
5633_65_3,LILRB2,0.225779167,8.51e-5,4.79e-6
5716_49_3,CSAG1,-0.177415228,0.00231322,0.042551389
14615_46_3,KRTAP2-4,0.139878429,0.006131851,0.045922168
8262_20_3,APOD,0.181432063,3.93942e-4,4.23e-4
12988_49_3,EWSR1,0.234989612,8.11e-5,5.15e-5
11955_1_3,ARHGAP1,0.363883099,2.31e-7,1.55e-5
13545_97_3,EIF1AD,0.163817592,0.020639247,1.03e-5
5738_25_3,SFTPC,0.120039846,9.80739e-4,7.7e-5
11163_7_3,FAM162B,-0.167042423,0.024591728,0.019915637
2643_57_2,CDH3,0.158284405,0.0177,9.71e-15
11067_13_3,BGLAP,-0.123705086,0.0176,1.24092e-4
8887_21_3,NUDC,0.186021995,0.001762536,0.007054407
8290_1_3,VAMP5,-0.126502016,0.02618104,0.04197095
6431_68_3,PCYOX1,-0.166245217,0.017706672,3.38094e-4
8080_24_3,MSMP,0.2080188,2.63e-4,6.34e-8
3327_27_1,NTN4,-0.129690441,0.00572,3.67515e-4
4392_54_2,FGF12,-0.17043257,7.71e-4,5.76e-10
3443_61_2,HIPK3,-0.181957781,0.007683626,0.02125264
12350_86_3,ETS2,0.271986918,1.55e-6,2.16e-6
3396_54_2,REN,-0.132232346,0.0291,2.7e-5
9627_15_3,VIT,0.116696015,0.0253,3.12e-10
4490_65_2,IL3RA,-0.126142962,0.04965095,1.18e-6
12656_1_3,KLC1,-0.189986869,0.006569695,0.00329569
12695_62_3,KLHL12,-0.23418723,0.00201,4.26195e-4
4983_6_1,ERP29,0.271134952,3.0058e-4,0.001647383
6570_1_3,COL13A1,-0.206381685,2.61569e-4,0.002023989
9187_2_3,HMGN1,-0.143015249,0.0432,0.00574378
13392_13_3,ATP1B1,-0.095796807,0.0297,6.78044e-4
9854_36_3,AKR1B1,0.312614238,6.17e-7,5.47e-7
11669_39_3,SLCO5A1,0.176185951,0.033477832,5.65596e-4
7861_9_3,ROR2,0.115126952,0.020773636,1.73092e-4
3081_70_2,ULBP1,-0.248436766,5.99059e-4,0.01415983
7082_2_3,B3GNT6,-0.219863427,0.002061087,0.011926504
2602_2_2,ANGPT2,-0.092729946,0.0369,0.048003406
12560_9_3,NT5C,0.209886927,0.019028393,0.040417733
14086_11_3,SMPDL3A,-0.116019439,0.016218027,0.008451132
13041_47_3,TRAF4,0.179400165,0.001128698,2.43e-6
12507_16_3,ITPKC,0.18931472,0.001835421,0.036762554
5609_92_3,FAM19A5,0.118527831,0.0118,0.001625362
7842_52_3,SERF1A,-0.161382499,0.034539207,0.036795772
10692_48_3,DYNAP,-0.268046759,4.56633e-4,0.003557887
12751_26_3,ZHX1,-0.172035641,0.01184874,4.27222e-4
4413_3_2,SLPI,0.139986411,0.044553148,0.00251
12577_100_3,FEN1,0.155551971,0.002700708,0.004371002
7943_16_3,CUZD1,-0.128370568,0.0201,1.32e-14
9450_18_3,CDK2AP1,-0.184087813,0.00124,0.024084308
10419_1_3,SCARA5,-0.198772764,0.001913848,0.001367199
14052_26_3,UNC13A,-0.166176005,0.007092346,0.032131559
3709_4_2,GPT,0.214475718,1.2e-5,8.69e-7
8289_8_3,GPNMB,0.23809763,0.004381368,0.00433468
7743_5_3,TIMM50,-0.383707208,1.42e-5,6.48e-10
6525_17_3,DUSP13,-0.187391325,0.01334543,0.023223411
7253_6_3,QKI,-0.168152609,0.0067,2.18e-12
14334_3_3,RCVRN,0.307018387,3.91e-5,0.002211152
2505_49_3,GFRA3,-0.265270419,0.001609381,0.007017438
13716_259_3,F2,0.23929563,2.04549e-4,2.75e-9
9474_22_3,ASGR2,0.22922558,8.28e-5,2.87e-4
8034_6_3,DRGX,0.143231362,0.003174886,6.08e-5
9234_8_3,TWSG1,0.199527251,0.00855,1.38e-8
2333_72_1,TGFB1,-0.244495514,0.002146486,0.013262504
9894_13_3,MYO6,-0.183991883,6.23775e-4,0.013512635
8653_132_3,DNAJC4,-0.153711528,0.002399382,0.030556437999999998
12551_3_3,ITCH,-0.326645346,2.44e-7,6.06e-6
12735_39_3,CSDE1,-0.223616505,9.2386e-4,0.001903827
13429_3_3,WFDC10A,0.208104104,7.17e-5,0.002230689
3450_4_2,KLK6,-0.204037339,0.002169242,0.014446064
13665_35_3,PPP2R3A,0.312152493,4.27e-8,5.63e-8
8916_32_3,STIM1,0.118792822,0.0179,0.005379022
14070_56_3,ITSN1,0.133532002,0.00408,0.009515303
14105_5_3,SERPINA4,0.146385185,0.00296,3.2e-8
14125_5_3,APOM,0.294851794,8.01e-8,1.71e-14
12546_1_3,SMTN,0.393584391,2.11e-7,1.59e-8
8518_55_3,ADM,0.225538532,9.77537e-4,0.026132899
5410_53_3,CDH15,-0.189508769,0.032849565,0.046151584
13739_3_3,FLRT1,-0.267984853,5.2133e-4,0.002309235
11462_8_3,RBFOX2,0.276354144,1.91955e-4,3.94e-7
4984_83_1,ESD,-0.180567045,0.003187278,0.004994106
14755_4_3,LTF,0.165496817,3.87118e-4,0.007869113
10045_47_3,CUL3,0.194369938,0.02516744,0.03986309
2421_7_3,BDNF,-0.262507159,7.66324e-4,0.020972112
7251_64_3,C1QTNF3,-0.27032288,2.23e-16,4.8200000000000006e-27
6382_17_3,MANBA,-0.167851509,0.001174294,2.55e-5
2212_69_1,PLAT,-0.212925367,0.001132602,0.005691118
9010_3_3,DMPK,0.347041115,4.05e-8,1.64e-10
9937_7_3,GJA1,-0.186466485,0.001706135,0.007900792
2968_61_1,TNFSF15,0.202729384,6.13093e-4,2.23e-5
10699_52_3,LRP1,0.171733515,0.010741581,9.13217e-4
9284_25_3,SFRP4,-0.143253438,0.00379,3.07e-6
8086_49_3,ITM2B,-0.274735794,2.05343e-4,1.15187e-4
2788_55_1,MMP3,-0.171356526,0.00459,5.72e-23
12670_15_3,RAD1,-0.222850192,7.98773e-4,0.017640885
4842_62_2,GPC3,0.231750349,1.38361e-4,4.87e-7
4194_26_3,ANP32B,0.179056436,0.0187,1.5e-7
5638_23_3,COLGALT1,-0.258367613,3.19e-6,1.5e-7
3473_78_2,MPL,-0.172535665,0.001135206,0.016831214
4961_17_1,ANXA2,0.216938484,0.00397,2.2e-5
6990_44_3,SDF2L1,0.200519584,2.73767e-4,2.50143e-4
3400_49_2,TBK1,-0.203649776,5.93e-5,0.002223729
2686_67_2,IGFBP6,0.138966427,0.0156,3.69e-11
2654_19_1,TNFRSF1A,0.289866646,1.22e-9,7.99e-11
6472_40_3,PMEL,-0.129825493,0.00907,1.5e-9
12498_12_3,TAX1BP3,0.266961032,6.94217e-4,1.65986e-4
12834_3_3,KCNF1,-0.133027148,0.036441956,0.007530047
2809_25_2,ADAMTS4,-0.19056001,3.27879e-4,0.008568022
8369_102_3,DAG1,0.279949956,9.32e-13,1.94e-17
3374_49_2,HCK,-0.285177543,1.3e-5,8.16182e-4
8931_124_3,G0S2,-0.120416725,0.017044615,0.010094351
11117_2_3,SPATA20,0.252338941,0.00147927,0.008485015
12438_127_3,MPG,-0.207577533,0.015607857,0.02312708
3420_21_2,CA13,0.214131955,0.001054642,3.87e-7
12381_26_3,CBR1,0.21794044,0.019371628,0.046714074
2977_7_2,EDAR,0.233919417,4.06e-7,6.8e-10
9909_4_3,CD300LG,-0.145158528,0.022094773,0.035958323
3311_27_1,FCGR3B,0.292422166,2.17e-9,1.57e-7
2443_10_4,FGF8,-0.260917309,1.05399e-4,0.004467429
5636_10_3,MFAP4,0.246570749,3.03784e-4,0.002494239
5606_24_3,MFAP1,-0.235527608,8.06158e-4,0.01757333
3868_8_1,SGTA,-0.260932197,2.48297e-4,0.003303477
6425_87_3,MMP19,0.162075868,0.00258,6.56e-9
3179_51_2,CTSA,-0.198855394,3.45e-5,1.16e-6
12534_10_3,CALCOCO2,0.194840992,6.96092e-4,0.013368653
13554_78_3,REPIN1,0.10818152,0.0411,3.14e-6
5457_5_2,COLEC12,0.327637824,1.93e-9,2.26e-9
14077_6_3,FCN3,-0.231324905,3.32685e-4,7.51827e-4
9125_23_3,MASP1,-0.209151884,0.003562914,0.045348037
5669_26_3,SIRPB2,-0.217679638,0.013004312,0.017922538
8974_172_3,COL15A1,0.223121843,3.54e-4,1.32e-7
7898_29_3,MDM1,0.092269832,0.0235,0.002423221
7157_22_3,PCDHA4,-0.104206471,0.035406068,0.045377452
7922_5_3,ADM,0.203213826,4.21692e-4,0.001295572
2418_55_9,APOE,-0.181867118,3.08e-4,1.76e-8
5982_50_3,CFHR1,0.159751045,0.001230594,2.61e-5
13240_170_3,SHANK1,0.234539881,3.14413e-4,0.001400098
10702_1_3,COL28A1,0.201842206,6.92e-5,5.8e-11
2732_58_3,NANOG,-0.245161255,5.09e-5,9.94333e-4
8696_15_3,GAL3ST1,-0.146422758,0.018183794,0.020234075
5508_62_3,CTSD,-0.183329242,0.006304082,0.001060872
3616_3_5,GNS,-0.102275006,0.00896,6.9e-6
13553_4_3,DCUN1D3,0.423004022,3.08e-9,1.88e-13
9835_16_3,ALDH1A3,0.243940224,9.37e-5,9.56109e-4
7825_7_3,ABHD12,-0.199057861,0.003024741,0.027429321
3805_16_2,ESM1,-0.107497579,0.0288,1.16e-5
2436_49_4,CXCL16,0.323891498,5.2e-9,1.5e-9
2575_5_5,LEP,-0.173491797,0.00254,1.35e-6
2634_2_2,IL2RG,0.271399257,3.39e-5,1.74e-7
11709_29_3,CPT1B,0.13999722,0.0156,1.0157e-4
7180_114_3,IFNA14,-0.157784387,0.006988761,0.014463195
6536_54_3,PLBD2,-0.254317661,2.40106e-4,5.22926e-4
2381_52_4,C5,0.113543989,0.0399,8.75e-11
12484_67_3,PITPNB,0.152623047,0.006328279,0.026413359
13710_6_3,SERPING1,0.241269161,0.009203484,8.7643e-4
6231_46_3,STC2,-0.151011912,0.02741411,0.045197317
9461_2_3,ICAM4,-0.1745718,0.003075707,0.009888616
9829_91_3,SULT2A1,0.226688424,7.17304e-4,0.002620381
4138_25_2,IL20,-0.247804921,2.48676e-4,0.00599883
9964_10_3,MYZAP,0.089798341,0.042139211,0.003325646
14618_26_3,VOPP1,0.164294539,0.00433,1.64e-6
9872_23_3,CTNNA2,0.178137284,0.002119795,0.033012003
4282_3_2,RAN,-0.262655035,0.001636658,0.035463162
5801_72_3,NGF,0.227712646,5.09e-5,0.002611147
8459_10_3,BMP6,0.183482681,0.00113,0.006432463
6544_33_3,NELL1,-0.138149066,9.55e-4,4.19756e-4
13416_8_3,TMEM132D,-0.099630252,0.0377,2.74e-6
9545_156_3,GZMK,-0.208249122,0.001282182,0.005702139
3206_4_2,LYVE1,-0.115825235,0.009030991,1.56272e-4
3873_51_2,TPO,-0.3114154,7.61e-5,0.002669291
3743_1_3,MMP10,-0.197152911,0.002577,0.022544138
5587_3_3,CCDC134,0.20465337,1.91987e-4,0.003616749
9786_310_3,IER3,-0.229020259,2.46213e-4,0.007278508
11294_7_3,TMCC3,-0.1947841,0.002756562,0.02125264
12794_6_3,NLRP4,-0.172016518,0.003489601,0.024270529
3758_63_3,PROC,-0.270368944,7.78e-5,5.28e-6
3373_5_2,GZMH,-0.447550062,3.78e-7,2.62e-5
11476_43_3,VPS4A,0.161852877,0.00212,0.003449911
7751_121_3,SFRP2,0.157783033,0.003726871,1.22172e-4
11516_7_3,FABP1,0.174662381,0.00188,1.01956e-4
6267_51_3,STMN4,-0.212619708,4.62174e-4,0.001468359
13042_7_3,KCNA10,0.176448061,0.00410847,0.002172019
2687_2_1,MIA,0.177628746,0.0042,4.42e-11
13104_32_3,EFNB1,0.226240598,1.04e-6,3.23e-7
2523_31_3,CCL5,-0.262076802,2.58976e-4,0.005997711
7140_1_3,CELA2A,-0.20477269,3.0856e-4,0.004661682
6360_7_3,DEFB128,-0.242769649,6.2e-5,0.001392772
8464_31_3,RSPO4,0.164966755,4e-4,1.41e-5
7818_101_3,GBP6,0.234601205,2.52e-6,7.52e-5
4673_13_2,IL6,-0.151837314,0.030518544,0.036775551
13930_3_3,APOBEC3G,-0.350614484,2.12e-5,8.76734e-4
13738_8_3,INHBA,0.131546374,0.040978041,0.008324666
11634_32_3,RGS10,-0.326392304,3.32e-6,1.52328e-4
12386_11_3,RNPEP,-0.175692952,0.008511971,0.003874434
11196_31_3,COL6A3,0.17108885,5.86362e-4,1.73e-7
13504_147_3,HNRNPR,0.239065685,0.00161892,0.030140702
12724_81_3,CIRBP,0.16819663,0.0134,6.02182e-4
10073_22_3,TDP1,-0.202698895,5.80744e-4,0.003145829
6643_62_3,CD47,0.212419919,0.003119739,0.038949507
8990_42_3,ATP1B3,0.23135342,1.54e-5,2.72351e-4
9257_14_3,TACO1,-0.184617779,0.012247277,0.0371
8791_151_3,CA5A,0.261444571,2.73414e-4,0.007024563
12900_29_3,ACACB,0.173034619,0.00312,0.030732503
10472_53_3,TNFRSF14,0.140588452,5.91493e-4,0.005916788
5443_62_2,NPPA,-0.181918357,0.003109024,0.019070833
4304_18_2,LCORL,-0.173990266,0.002175068,0.026242282
9312_8_3,AZGP1,0.162836955,0.00439,2.24e-9
7792_58_3,CCDC90B,-0.199854803,0.003608092,0.043605395
12936_38_3,RLBP1,0.323057386,3.81e-6,7.06e-8
11222_62_3,PTPRH,0.218173585,1.02674e-4,1.89745e-4
12854_3_3,TEAD3,0.21067805,0.00103,0.010409031
12758_47_3,GRID2,-0.265498194,2.31e-5,2.63607e-4
10087_10_3,CRYAA,-0.136652023,0.012334163,0.036797734
7020_13_3,CHST5,0.318647999,1.20262e-4,2.5032e-4
8959_61_3,ADAM17,0.173913678,2.53e-5,0.001675086
6914_15_3,AMIGO2,0.248793364,2.17e-4,1.29e-5
7917_17_3,CPD,0.233846681,2.59e-4,3.63e-12
5006_71_1,MAPK13,-0.291555539,1.13839e-4,8.07668e-4
6917_49_3,LRRC3,-0.175669409,0.00424,9.64e-12
4566_24_3,RSPO2,0.22808959,4.63265e-4,0.010654553
9197_4_3,LGALS9,0.249204225,1.24e-6,2.52e-10
12701_1_3,EIF1B,-0.207982468,0.003286183,0.015218789
10878_1_3,TNFRSF10B,0.15203077,9.71e-4,4.98e-4
2201_17_6,COL18A1,0.164318117,0.001700403,8.17e-5
9484_75_3,DSG2,0.112287436,0.004157319,0.001256732
2975_19_2,CTGF,0.144420062,0.013173298,0.025531972
6039_24_3,CRHBP,-0.118862242,0.0133,7.96e-5
4440_15_2,FCRL3,-0.243288361,3.05618e-4,0.001803469
10534_40_3,PARP1,-0.29122627,5.65473e-4,0.00648573
11547_84_3,MUSK,0.166509705,9.56177e-4,7.26803e-4
7765_15_3,ITM2A,-0.170244981,0.014559916,0.037348945
6530_63_3,PROL1,-0.122449256,0.009649444,0.005109263
11712_207_3,UNC45A,-0.174160839,0.00113,0.004746783
9412_52_3,ACVR2B,-0.179658068,0.00374718,0.035632399
9352_86_3,REG3G,0.188185578,7.4e-4,1.5e-6
8992_1_3,TMEM2,0.191491269,0.00112,1.82e-5
8999_19_3,CEACAM3,0.180287753,0.005177391,0.03070709
2578_67_2,CCL2,0.146117633,0.00741,0.001487573
7003_4_3,GALNT10,0.175188113,0.001165067,0.010820432
4258_15_2,PA2G4,-0.265253623,0.003649552,0.028508481
4990_87_1,GP1BA,-0.21970406,2.14808e-4,0.002238308
4328_2_2,BOC,0.195514511,4.1e-5,5.72e-5
2666_53_2,DCN,-0.159531361,0.012006013,0.010280496
9997_12_3,UBXN4,0.215311644,3.89454e-4,3.054e-4
14272_43_3,FBXL4,-0.136500136,0.0128,1.14e-9
9279_7_3,IGSF11,0.140400358,0.01,0.009557084
3422_4_2,CDC2,-0.198526921,2.84098e-4,0.005987212
10571_14_3,MGAT1,0.146744351,0.00708,0.009444856
10006_25_3,ELK1,0.259266185,1.72e-5,5.96e-4
4249_64_2,NME2,0.305177272,2.62e-5,9.78e-5
8345_27_3,GPX7,-0.18052657,0.008344459,0.029320158
3796_79_2,ANGPTL4,0.260907539,3.14e-4,5.44e-13
14048_7_3,IL1RAP,0.158092333,0.010113234,0.00108
11338_49_3,BLK,0.206207436,9.50746e-4,0.014009339
6896_3_3,C1orf162,0.227521392,1.01647e-4,1.31916e-4
3388_58_2,PAK7,-0.170183589,0.005781772,0.009581809
8989_40_3,SCUBE1,0.29474596,2.48e-6,2.21e-8
3416_2_2,BTK,-0.317709792,5.31e-5,1.19522e-4
6550_4_3,ICAM4,-0.234935275,5.53e-5,0.001438358
6484_11_3,POSTN,0.195178293,0.001431141,0.007174184
8773_172_3,EMILIN3,0.191975851,2.85656e-4,0.0103
14150_7_3,IL36A,0.157246456,5.8e-4,4.97e-12
14291_53_3,AGAP2,-0.115051667,0.00938,3.61326e-4
10785_8_3,LRRC52,0.317693832,4.7e-8,1.08e-5
3646_7_4,TEC,-0.141649533,0.034768404,0.043003994
8686_342_3,C11orf73,-0.205864693,0.001659498,0.004578305
13725_3_3,FGF16,-0.217233286,0.001697885,0.001746742
3803_10_2,CST5,0.153612403,0.010879639,4.65053e-4
9063_9_3,APOA5,-0.194370073,1.91e-4,0.007321991
13657_2_3,PNKP,-0.247018878,0.003702981,0.024835282
3613_62_1,FCN1,-0.232924567,0.001131532,0.007753445
6055_53_3,IFNAR1,-0.240609368,4.34657e-4,0.003717579
2857_70_2,NR3C1,-0.25637977,1.05e-6,1.19514e-4
12477_42_3,TSN,0.235468331,0.004515896,0.029187028
14260_112_3,NET1,-0.19660052,4.45128e-4,0.004759725
14123_34_3,C10orf54,0.138139052,0.0369,0.001383356
4383_97_1,INHBA,0.154536987,0.00495,1.27e-9
9302_90_3,GADD45GIP1,0.123914695,0.031821773,0.023040725
8340_9_3,DEFB110,-0.152102356,0.012670587,0.017887765
10631_9_3,PGRMC2,0.169137902,0.006963602,0.007739707
6256_9_3,LY6G6C,-0.262183404,0.001646707,0.002912794
6409_57_3,ADGRF5,-0.175490286,6.77734e-4,0.00812434
9097_5_3,KIAA1324,-0.156952285,0.041327389,7.84186e-4
9254_18_3,FCER1A,0.2396743,6.82e-5,1.71e-7
8790_6_3,ARSA,0.19282478,0.0028957090000000002,0.033894321
6379_62_3,ADAMTSL2,-0.111041422,0.00482,2.19e-14
3518_54_2,CPB2,0.195610913,9.25e-4,2.02e-7
3344_60_4,SERPINC1,0.183370532,0.00174,1.73e-7
12633_3_3,PTPN9,0.120058832,0.032127375,0.011871683
8978_30_3,MAP4K3,-0.190399877,0.003460804,0.0482986
7823_22_3,ST6GALNAC2,-0.162944294,6.77755e-4,3.66914e-4
12030_82_3,DES,0.241514468,2.81e-5,0.001761202
9955_40_3,RNF148,-0.136893289,0.002504647,0.038655434
2838_53_1,MMP17,-0.123291197,0.011742583,8.51e-5
13126_52_3,DSC2,0.322519261,1.3e-13,3.01e-15
9490_3_3,C4orf32,0.300113459,1.43e-5,3.27421e-4
9802_27_3,PNPLA2,0.128226528,0.049584217,0.032246258
9176_3_3,MUC1,0.227691015,3.52e-6,8.15e-5
5666_64_3,IL1R2,0.183221687,0.002797448,0.035763753
13929_27_3,CROT,0.161869356,0.02969127,0.008072932
12508_9_3,VPS24,0.2924524,1.69e-5,6.19223e-4
8700_325_3,GALNT11,-0.17666792,0.006808144,0.00136636
8246_9_3,PCSK9,-0.105646672,0.020186189,0.037735306
10870_32_3,SPAST,0.221326077,3.67899e-4,0.005253836
12575_30_3,MTHFD1,-0.229123804,4.92546e-4,0.0016846160000000001
6420_4_3,SDHAF2,0.182305184,6.59e-5,4.92e-6
3210_1_2,METAP1,-0.264648362,6.15284e-4,0.00874256
11681_8_3,AGFG1,0.21988076,8.78534e-4,8.69e-7
8889_5_3,CCPG1,-0.255256226,1.25e-5,3.45e-5
4918_21_1,KNG1,0.158540527,0.0107,2.7e-5
13728_19_3,ERP29,-0.177013955,8.54084e-4,0.004021356
2247_20_11,PROK1,-0.195203164,0.00296,0.030831152
7928_183_3,TPST1,0.174616619,0.002122951,0.022683156
10738_11_3,FBLN5,0.283029189,1.6e-5,7.66e-5
2614_28_2,EFNA4,0.351611695,7.61e-9,6.63e-8
5745_64_3,PI15,-0.195805804,0.009229434,0.015902043
13493_5_3,GRID1,0.232301239,5.02e-4,5.12e-11
3864_5_2,RPS7,-0.219374353,0.011182673,0.022577662
12385_4_3,CAPN3,-0.172528076,7.87e-4,0.003675916
14082_56_3,TLN2,0.218337177,4.27e-4,0.013815196
8339_72_3,GRP,-0.125141023,0.013363542,0.038469131
11646_4_3,CHST9,0.250728293,8.86e-7,1.29e-5
3738_54_1,CSF1,0.171778409,0.00222,0.003817502
9497_3_3,SMDT1,-0.190884163,0.002366657,0.04331565
13700_10_3,ANXA2,0.19136487,0.0095,6.51e-5
5026_66_1,RPS3,-0.237023723,0.00163028,0.005764627
11534_6_3,LRIT3,-0.160832765,0.00735,1.67e-8
5201_50_4,PDE9A,0.342322923,1.08e-7,2.57e-6
12975_11_3,KRT20,0.331526785,1.94837e-4,0.001287122
12815_9_3,IARS,0.175434664,0.003567392,0.043819117
5668_49_3,AGR3,0.168248181,0.0128,1.79e-6
4911_49_2,GSTP1,0.224952812,2.86e-7,1.41e-6
8587_21_3,SPINK14,0.166171197,0.00433,4.15111e-4
3364_76_2,CTSV,-0.113264439,0.00772,0.040421302
12471_47_3,STAU1,-0.165103038,0.001651535,5.47e-7
12493_42_3,OTUB2,0.183540769,0.006049672,0.009284803
12861_13_3,TMOD3,0.222206932,0.010186151,0.013713752
4775_34_3,GSN,0.241060403,1.15e-5,9.4e-4
13985_12_3,SMURF2,-0.17356232,8.17492e-4,0.005575758
12803_9_3,ZNF329,-0.176216245,0.002740447,0.013124927
14036_116_3,MPDZ,0.165246869,0.004020619,0.008019143
9764_79_3,HNRNPF,-0.306323394,6.35398e-4,0.005669216
7008_13_3,EVA1C,-0.194145819,0.003097471,0.019388778
10675_223_3,TMX2,0.159424575,0.0061,0.00727
6424_2_3,RNASE13,-0.13999907,0.034442007,0.039564193
5584_21_3,TCN2,0.104668605,0.0452,1.03e-5
8280_238_3,VTN,-0.130587954,0.037,2.07e-6
4545_53_3,DNAJC19,-0.176465619,0.002455576,0.046282712
3399_31_2,STAB2,-0.248313983,0.001145267,0.011723479
6290_3_3,UTS2B,-0.182931576,0.001863396,0.025249205
7125_4_3,RIC3,0.127688708,0.015945434,2.86e-7
11200_52_3,CD93,-0.159481846,0.001520575,0.01757333
4124_24_2,HSPA1A,0.180233051,0.003302379,0.028018582
11458_30_3,PCBP1,-0.196138572,0.010048909,0.043819117
12616_45_3,NRBP1,0.098363579,0.0428,5.01e-22
8304_50_3,TNFRSF11B,0.32278142,8.32e-10,5.45e-13
13484_69_3,COL1A1,-0.229921571,3.19492e-4,7.84186e-4
3622_33_4,LGMN,-0.31289593,1.48e-9,2.06e-7
10668_5_3,STX4,0.17044323,0.003014713,5.79439e-4
9793_145_3,IGDCC4,0.129923821,0.0195,4.31e-7
12786_61_3,GPCPD1,0.162621113,0.001283308,0.013931389
5012_67_1,AK1,0.181645004,0.005132452,3.05e-6
10464_6_3,ANTXR1,-0.24101962,4.71125e-4,0.012505871
7895_108_3,MRAP,-0.191880305,0.004892626,0.036461629
11334_7_3,LILRB3,-0.214876551,0.002149699,0.039433573
2796_62_2,FGA,0.175617446,8.02789e-4,1.27e-6
3348_49_2,BMP1,-0.223434205,0.00118,8.98e-7
5526_53_3,TNFRSF18,0.223222523,0.004851382,0.03215585
13122_19_3,FLRT2,0.14625214,0.00427,0.037781843
10396_6_3,MCL1,0.25825434,1.13e-5,3.93e-5
3313_21_2,FCN2,-0.264707587,8.83e-6,8.16e-5
2989_17_2,IFNG,-0.202886917,0.0112,1.28e-5
8927_6_3,C7orf73,0.161239124,0.005106051,2.97e-10
13673_21_3,CCT7,-0.247974065,1.24e-4,9.7474e-4
12771_19_3,ZNF180,-0.226441468,4.18e-5,0.001981329
6390_18_3,NPS,0.169227216,2.39e-4,0.005963886
9873_17_3,ESRRA,0.178031491,0.001336971,7.01314e-4
14614_41_3,NCMAP,0.141088092,0.019272221,0.001125482
5065_8_2,CD83,0.091756339,0.0118,0.003267941
9061_3_3,ARHGEF10,-0.204279735,3.16798e-4,0.001180633
11699_16_3,PTP4A2,0.164836022,0.00101,0.004744309
9392_43_3,MGAT4A,-0.173636293,0.001936336,0.004316109
10372_18_3,STAT6,-0.172689296,6.37487e-4,0.013512635
5882_34_2,EEF1B2,-0.151223033,0.022,2.84e-19
10576_7_3,PLXDC2,0.150885675,0.00227,0.002345093
12853_112_3,TMOD2,0.261174106,2.02e-6,1.02727e-4
9470_15_3,METTL24,0.286647971,4.09e-8,2.3e-6
9307_3_3,LYPD3,0.271582677,4.65902e-4,0.004910941
5691_2_3,CRISPLD2,-0.143991852,0.004826169,0.036124445
10800_15_3,SERPINH1,0.154896579,0.018233344,0.008640476
8952_65_3,CSF3,0.226993042,9.09e-5,0.002313759
11358_15_3,GRB10,-0.097162648,0.040545063,0.022844751
5354_11_3,KRT18,0.26555471,5.02e-7,3.24e-5
6464_40_3,PVRIG,-0.261607932,2.55e-5,1.35158e-4
10058_1_3,RAD23A,0.128028953,0.00699,0.00786
10041_3_3,HNF4A,0.120774319,0.0165,6.39e-9
7832_181_3,PDIA3,0.109418961,0.0269,0.00495
13422_66_3,ENOX2,0.30904953,1.84e-6,1.24197e-4
9585_80_3,CLMP,0.223133177,3.28e-4,3.44e-14
5228_25_2,KIF23,0.13309602,0.031702613,0.0029851
13994_1_3,FBL,-0.229342193,2.23134e-4,0.003305551
3363_31_4,CSK,-0.348522955,1.38e-6,1.31e-5
9107_59_3,ARMC10,0.179137294,1.98e-4,1e-17
12756_3_3,BACH2,0.228262641,0.003190492,0.033903727
6362_6_3,C2orf40,-0.154080237,0.005221945,0.015682545
7753_21_3,HTATIP2,0.168959492,0.00485,1.7e-6
13960_15_3,AGAP3,0.197174264,1.33e-4,2.87e-5
6019_12_3,C1QTNF9,-0.216392882,8.40094e-4,0.007146012
5611_56_3,DEFB108B,0.183757435,0.001180693,7.03578e-4
12718_43_3,PIN4,0.129961664,0.042649706,0.017688444
8450_36_3,ADCYAP1,-0.208892598,3.29843e-4,0.005765793
11370_20_3,INPP5E,-0.134225867,0.005305113,0.030831152
10882_12_3,DSC1,0.250879549,9.45e-5,0.001377879
11204_80_3,CXADR,0.176816196,0.005501201,0.032030957
13485_20_3,TMEM87B,-0.157652176,0.003997446,0.009086746
14227_21_3,MYL6B,0.210056248,3.28131e-4,1.2161e-4
12522_6_3,RAD23B,0.139752478,0.00144,0.001175873
10382_1_3,ANGPTL3,0.128186873,0.00784,0.011871683
8028_22_3,SPINK5,0.2090289,2.42756e-4,2.89e-5
7145_1_3,ITIH3,-0.231979883,1.47917e-4,2.6e-5
5708_1_3,LEAP2,-0.083537957,0.0313,0.001842233
10741_22_3,CSF1,0.135210345,0.00334,0.006010642
7638_30_3,LMAN2,0.134490687,0.0391,1.67e-7
3815_14_1,IL12RB2,0.237914993,3.84e-6,6.2e-9
7007_24_3,TRAPPC4,-0.200536065,1.05376e-4,0.001484774
14169_66_3,TXNL4B,0.129862265,0.008743431,0.023090643
11952_1_3,IGDCC3,-0.204560432,0.003784301,0.007275407
8237_56_3,SOSTDC1,0.176047755,0.001040489,6.99e-5
7947_19_3,ENTHD2,0.261072026,6.92e-8,5.19e-7
3437_80_3,FLT3,-0.170490276,0.001176646,0.006488641
12677_164_3,FLII,0.193489137,0.001280448,0.001981329
7796_10_3,CD79A,0.217273325,8.49e-6,5.76626e-4
9560_56_3,CD96,0.275368416,6.88e-6,2.06811e-4
9842_2_3,CTNNB1,0.267033949,1.66e-5,5.51609e-4
4132_27_2,FST,-0.215321636,4.09467e-4,5.94892e-4
3809_1_2,FGFR3,-0.177670526,0.007544877,0.014191494
13455_10_3,DEFB119,0.171685576,0.002711656,7.16e-5
6955_68_3,SNX1,0.115507607,0.042104687,0.036292637
8260_13_3,PDZK1IP1,-0.206464066,0.00439,7.26e-10
2833_20_1,KLK4,-0.170457459,0.01091778,0.005510668
3041_55_2,MRC2,0.139474479,0.006874861,0.001405724
3452_17_2,LCK,-0.288398955,6.02e-7,4.08e-5
9385_4_3,GAA,-0.179360418,7.68e-6,2.26e-6
4165_2_1,TG,-0.162913485,0.001954502,0.030413297
8991_115_3,FCRL4,-0.221190646,2.73182e-4,0.008502259
7201_5_3,ISCU,-0.151031844,0.021126781,0.024899207
12796_44_3,NUDT3,0.161166123,0.00309,0.036642051
5610_32_3,FAM171A1,0.189905727,5.4e-4,7.3026e-4
13653_335_3,MACROD1,0.320620313,5.61e-5,3.00412e-4
9055_81_3,MYZAP,-0.194770911,0.00142,0.026604917
6973_2_3,IGF2,0.249431231,4.4e-5,1.14656e-4
5624_66_3,FOLR3,0.142580673,0.001209527,0.009645764
9834_62_3,ADH1B,0.388487064,2.41e-9,1.84e-10
4771_10_3,SMPDL3A,-0.155609347,6.41072e-4,0.018941504
7066_199_4,FAM209B,0.136959568,0.003719708,0.033171862
11155_16_3,COL6A5,0.255815667,4.63e-7,8.63e-6
10516_53_3,ITM2A,-0.216709967,0.00103,0.025250859
8043_153_3,COMP,-0.154985092,0.006241504,0.011243189
7084_1_3,DRAXIN,0.119726696,0.0169,6.75e-5
7048_4_3,CEACAM19,0.145018122,0.001203669,0.022562973
3342_76_4,ABL2,-0.158056829,0.005036532,0.03215585
4906_35_1,F5,-0.186040026,0.001204781,7.31399e-4
3447_64_2,CXCL8,0.183333859,6.14279e-4,6.9e-9
7064_2_4,VAMP8,0.201522449,0.002832454,6.4e-5
8468_19_3,KLK3,-0.150187791,0.0266,1.18e-5
2853_68_2,CHEK1,-0.234981649,6.65e-5,0.00332663
2906_55_3,IL4,-0.152841224,0.003141181,0.010431676
2429_27_4,C8A,-0.195624617,0.004853608,0.033587919
11851_21_3,TREM2,0.282743055,9.86e-6,6.16e-6
6577_64_3,LAMA4,-0.18527874,2.17e-5,0.001510976
12750_9_3,ITGB2,0.138498827,0.027,0.024643634
10449_31_3,SHISA2,-0.185819984,0.010564056,0.006937958
3852_19_2,DNAJB1,-0.217921322,0.001349469,0.015902043
4474_19_2,RPS27A,-0.109227679,0.043059522,9.54e-5
5746_37_3,EFNB1,0.331833249,1.46e-11,3.14e-11
5125_6_3,SIGLEC14,-0.182596474,0.0014658,0.022094145
10453_7_3,CEACAM20,-0.177782159,0.00337588,0.047711048
6119_14_3,MAMDC2,-0.195265774,0.001814568,0.020393118
6075_61_3,HEXB,0.156803122,1.81821e-4,0.004650047
7104_71_3,CABP7,0.304065808,9.57e-10,1.57e-7
12822_34_3,APBB1,0.274489356,2.57197e-4,0.009515303
6447_73_3,PTX3,0.197958425,0.00187,2.52e-7
9401_57_3,TRABD2A,-0.131384248,0.014378363,0.040376352
8877_22_3,EVA1C,0.186267406,5.79e-4,0.009793057
3800_71_2,CKB,0.175064154,0.005418513,0.043701685
8355_80_3,ISM1,0.214125484,3.39e-5,0.001282691
3728_52_2,SCT,-0.197950549,4.04e-4,1.29e-10
9002_36_3,SERPINA11,-0.242620278,1.25381e-4,1.55e-5
8095_213_3,PPIF,0.206045246,0.00351242,0.009165339
7070_25_4,KEL,-0.185784924,0.001523548,0.030413297
11428_31_3,PDLIM1,0.189621789,0.001420505,3.71451e-4
13589_10_3,APBB3,0.110947969,0.0281,1.48115e-4
14098_28_3,CARS,0.174891473,0.007085611,9.678e-4
14633_26_3,TMEM185A,0.169068726,0.00231255,0.020619378
4429_51_2,CHST6,0.166110426,0.006800298,0.006152194
8929_7_3,BDP1,-0.211168401,9.76333e-4,0.013368077
13587_10_3,RACGAP1,0.211762492,4.62317e-4,3.94e-6
14090_23_3,DEF6,-0.334231091,2.02e-6,1.11e-5
2891_1_3,CD22,-0.188308412,0.0023202,0.024568113
6470_19_3,FBLN1,-0.104186944,0.0473,1.13351e-4
12814_17_3,RNPC3,0.270814501,3.17e-7,3.13e-6
7927_16_3,ST6GALNAC5,0.104733759,0.0262,1.3422e-4
4472_5_2,TPM2,-0.129140332,0.037484068,0.046774322
13512_28_3,HNRNPR,0.200239656,0.001136398,0.005291943
9594_30_3,SLC30A5,0.126028648,0.049715314,0.025249205
2192_63_10,CCL27,-0.204647119,2.27296e-4,0.005145276
10491_21_3,M6PR,0.307779223,3.46e-6,7.36e-5
9738_7_3,FAF2,0.250789104,1.36e-6,3.85e-5
3351_1_1,CAMK2B,0.225206178,0.002469339,0.001687733
9745_20_3,EIF4E2,0.148072786,0.003299956,0.025223717
2986_49_2,CXCL3,-0.16079606,0.001405688,0.031303691
3073_51_2,IL18BP,0.176217661,3.44e-4,0.001604698
8467_9_3,INHBB,0.167615865,0.004796846,0.013262504
13501_10_3,SLC35G2,0.136702992,0.00552,2.14e-5
11103_24_3,HSPB1,0.205947679,6.97383e-4,2.05819e-4
7208_60_3,MGAT4C,0.17565502,0.001250898,0.027804369
14025_18_3,TNFRSF9,-0.165398145,0.004533284,0.026567404
5885_55_3,EIF4H,0.252508618,2.52524e-4,4.48958e-4
5727_35_3,B3GALTL,0.157422901,5.42789e-4,0.003599401
11161_5_3,SPG20,0.213632953,0.001844805,0.01839141
11860_3_3,CLPB,0.246568844,4.88e-5,0.002197625
9815_5_3,ARHGAP1,0.235304545,1.46964e-4,3.82e-6
12676_1_3,PACSIN1,-0.15221309,0.012542379,0.034398847
5493_17_3,WNK3,-0.174086998,0.011772833,0.041885857
6294_11_3,BAGE2,-0.191767982,0.012441126,0.02222145
12862_14_3,NEDD9,-0.224251687,1.10791e-4,4.64e-5
5017_19_1,PRDX5,-0.173146275,0.002445727,0.045747051
9864_38_3,TTC1,-0.202500806,1.74529e-4,0.003066747
8360_169_3,NCR1,0.126313835,0.0101,0.037253532
12018_84_3,TPK1,0.253058364,1.41e-7,2.54e-5
2870_29_2,RAC1,-0.147464789,0.005682713,0.029993808
8765_23_3,EFNB2,-0.205671319,0.0011,0.022537544
12490_92_3,LAMTOR3,0.266869507,0.002347669,0.048476202
4143_74_2,XCL1,-0.166201849,0.003016627,0.017857415
11173_29_3,MILR1,0.272529404,2.49e-5,0.001077764
12811_55_3,ZNF415,-0.132853954,0.009500454,0.018457843
4245_80_2,MDM2,-0.188053261,1.2e-4,0.003518448
7981_230_3,B3GALT6,0.301566513,3.69e-8,1.5e-7
3612_6_4,EPHB4,-0.174142207,0.008813002,0.035050164
6284_7_3,FAM150B,-0.121214805,0.038551241,0.009224607
5462_62_3,FCN3,-0.163434994,0.00167,9.55406e-4
2737_22_2,NOV,0.263842718,5.45e-8,3.21e-13
11510_51_3,APOL1,-0.168055996,0.001878974,0.01629924
12693_2_3,SH3BGRL,0.209624309,1.73e-4,0.001519019
12408_333_3,RAB22A,-0.288514445,7.52e-15,2.5e-17
7960_53_3,POTEG,-0.134530563,0.015211462,0.001675086
13097_11_3,BCL2L2,0.191293264,4.1075e-4,0.013067123
5242_37_3,MAP2K4,0.197970224,0.001139208,4.78736e-4
8041_5_3,FNDC5,0.119254687,0.0309,1.21e-8
4874_3_1,ANG,0.238670133,5.42e-6,6.33e-8
13025_4_3,FRS2,0.139878294,0.00832,0.006417969
14186_13_3,RFFL,0.230969747,0.001123748,0.012973891
5114_65_3,PRLR,-0.139316397,0.015047714,0.047087015
8297_8_3,DNAJC10,0.228334964,5.06e-4,0.002528922
8660_33_3,OLFML3,0.300619855,3.81e-7,2.43e-5
7713_50_3,FMR1,-0.15812228,0.00262,0.00228494
10361_25_3,OAS1,-0.130924364,0.018943182,0.019380426
6285_71_3,MLEC,0.25006507,0.00415912,0.003532751
6453_70_3,LILRB4,-0.193943243,4.49e-6,1.28e-8
7136_107_3,HBE1,0.141274884,0.00199,7.64454e-4
12345_4_3,ANAPC10,0.118988735,0.0414,0.024761762
14645_253_3,GSTA4,0.257650022,2.02e-4,0.005693433
10663_42_3,INSIG1,-0.124575097,0.0374,3.14e-6
14078_69_3,XCL1,0.166397927,8.1996e-4,0.003186907
12469_19_3,MAPRE1,0.105521771,0.048239505,0.005231995
4428_1_2,CHST2,-0.189761171,6.95052e-4,0.013262504
3419_49_2,CAMK2D,0.198849016,0.006154415,0.004622974
2982_82_2,LGALS4,-0.190066629,8.88598e-4,0.011551425
14603_51_3,KIAA0040,0.179865819,9.87269e-4,0.003271824
10938_13_3,CD58,0.1746467,0.004949278,0.023196939
13387_55_3,EHF,0.095366054,0.0205,6.52e-5
5358_3_3,OMD,0.246091179,2.58e-5,1.02e-5
10042_8_3,SGK3,-0.12047814,0.049970955,0.009252066
13441_30_3,DIXDC1,0.195054563,0.002307399,8.58578e-4
5437_63_3,FABP3,0.178159279,8.19034e-4,1.4e-7
3449_58_2,SERPINA4,0.132926112,0.0064,5.43e-9
10589_7_3,RAET1L,-0.122664266,0.0493523,2.62e-5
3808_76_2,FGFR2,-0.166881196,0.002549347,0.023391178
6531_29_3,FAM162A,-0.224715518,1.19375e-4,0.005787649
3044_3_2,CCL18,-0.114483359,0.00245,0.00412
12859_33_3,ECI2,-0.1308233,0.006831885,0.024699889
14005_2_3,CHD7,-0.172117622,7.99861e-4,0.014661638
6020_52_3,UTS2,-0.168524189,0.003726464,0.017888833
3903_49_2,SNX4,0.177575473,0.00296,2.9574e-4
8858_21_3,BATF3,-0.19115348,0.003009502,0.034712524
14587_16_3,GDF11,0.150544831,0.00108,8.75e-5
5256_86_3,PDE5A,0.247761598,1.34375e-4,0.0016846160000000001
12775_6_3,HMGB3,-0.078415993,0.049363903,0.012108053
12423_38_3,A1CF,0.182605011,9.758e-4,0.015938501
12681_63_3,USP21,-0.187381923,0.003798718,4.4286e-4
5000_52_1,LGALS3BP,0.136467547,0.015670351,0.020123383
3187_52_2,CRISP3,-0.164575919,0.00961,1.36e-12
9506_10_3,APOL1,0.121353672,0.0321,1.31e-7
12707_26_3,DPYSL3,0.204724202,3.9761e-4,1.89795e-4
8040_9_3,LEMD1,0.182197613,1.79681e-4,6.19245e-4
13043_157_3,ATAD2,-0.185478792,0.001009264,0.026612383
2945_25_1,ESR1,-0.178834715,0.009238761,0.001670408
8969_49_3,CD14,0.230339521,2.9e-7,1.35e-6
12876_39_3,SPEF1,-0.173869759,0.00242,3.45e-15
4420_7_2,ADAM12,0.225519811,5.04e-6,4.96e-5
10428_1_3,KIR2DS2,0.159692418,0.001846755,5.60208e-4
5532_53_3,FGFR1,-0.105842701,0.0174,5.68628e-4
3730_81_2,TNFRSF4,0.148158155,0.033,4.84e-7
7154_92_3,C6orf58,-0.135099285,0.013428357,0.001177086
3839_60_2,AIP,-0.221508423,0.004057682,0.021689129
5590_11_3,ZPLD1,-0.182705695,0.004304522,0.033121549
3817_18_1,PRKCQ,-0.137942245,0.016431484,0.007462792
3347_9_2,ADRBK1,-0.258404392,0.0010106,0.004569641
5581_28_3,FGL1,-0.121538219,0.0188,1.75058e-4
7921_65_3,FJX1,0.288981031,8.24e-6,1.40583e-4
8807_13_3,SNX1,0.100798319,0.036837814,0.046782399
14294_61_3,MBD1,0.19479084,0.003431191,0.00806267
10876_300_3,BRAT1,0.184677521,0.007254908,0.047071662
13583_19_3,APAF1,0.247572822,3.91e-5,0.001646853
7839_99_3,FAM19A3,0.148168517,0.002048243,1.73828e-4
13622_16_3,PPP2R5A,0.246587185,7.1e-5,1.75058e-4
5202_4_3,PPID,-0.275807398,6.49e-6,7.51e-5
7881_244_3,PARP16,0.20325256,3.38242e-4,0.004659314
3472_40_2,BIRC5,-0.201623909,6.07286e-4,0.003460603
11089_7_3,IGHA2,0.135346605,0.0107,2.9e-10
6463_59_3,QRFP,0.136698767,0.01940287,0.007054407
2524_56_3,HMGB1,-0.270439045,8.63778e-4,0.018474918
13268_45_3,WNT5A,0.431278322,8.57e-8,1.23e-11
13983_27_3,CRYZ,-0.142859997,0.00383,0.016061018
2826_53_2,EDA,0.207539847,1.9e-5,6.93423e-4
5970_61_3,LECT2,-0.170007367,0.002562193,0.001033859
7909_37_3,SHBG,-0.145650127,0.00634,1.31e-14
2913_1_2,CCL23,-0.100349703,0.0340688,6.27063e-4
9327_3_3,LYPD1,0.225705705,3.67e-6,7.81e-5
4697_59_2,CSF2,0.253681477,1.21e-5,2.03118e-4
11327_56_3,CLK2,0.230101893,2.82169e-4,0.001570066
9051_13_3,IL32,0.197941217,2.35749e-4,3.22e-7
10603_1_3,HTN3,0.157838429,0.008221336,6.30918e-4
6172_7_4,UBC,-0.105264275,0.0125,2.17e-6
9237_54_3,ACP2,0.173417567,0.00217,2.78374e-4
10078_5_3,BAG3,0.227870741,1.77456e-4,1.58e-5
11201_19_3,PUS1,-0.17712625,0.001690176,0.025234094
12663_1_3,TST,0.184557493,1.26e-4,2.02e-5
7196_21_3,IFNW1,0.181356012,0.004445992,0.002730207
6225_3_3,PRSS8,0.155041986,2.71397e-4,0.006517227
11265_8_3,ALDH1A1,-0.18879572,5.36e-7,1.52e-8
2768_56_2,HPX,-0.090108859,0.033863918,0.015942195
10880_38_3,FAM163B,-0.157493805,0.00159,1.56e-7
9255_5_3,IL17C,0.176516449,0.008453245,0.012419642
8874_53_3,CLN5,0.18954498,0.04088876,0.018627956
12990_39_3,MAP3K3,0.285705098,2.97671e-4,1.46035e-4
13556_28_3,HTR2A,-0.144698173,0.010936492,4.26393e-4
4230_1_2,EIF4G2,0.18231963,0.005557024,0.001136851
2598_9_3,TNFRSF9,-0.165901533,0.001122612,0.005592679
12855_16_3,CASS4,0.244268455,0.002452005,0.041984275
3182_38_2,ENTPD1,0.145580692,8.21546e-4,0.014457574
9089_77_3,JPH3,-0.17452071,9.64937e-4,0.011107654
5482_61_3,RBP4,-0.226581255,1.92e-5,1.01e-6
13683_18_3,CLCNKB,0.173126023,0.00483,3e-5
9927_96_3,TNS4,0.1866234,0.001830757,0.029707287
