marker,gene,ms_hd_median_diff,ms_vs_hd_diff_wilcox_fdr
5430_66_3,SIRPA,-0.917143118,0.001802656
10816_150_3,PILRA,0.036483963,0.01593629
5680_54_3,OBP2B,-0.494449799,0.009741903
8219_14_3,ZG16,-0.026802425,0.001929228
3600_2_3,CHIT1,1.634994891,1e-11
10512_13_3,CSF2RB,-0.350692033,0.003053253
8802_24_3,UBE2J2,12.37300308,6.95e-36
13424_51_3,AIFM1,4.605755012,5.21e-20
11139_4_3,TREML4,8.950808653,9.279999999999999e-35
3309_2_2,FCGR2A,-1.188756116,1.13651e-4
9275_2_3,CTSL,0.699257388,1.48179e-4
2704_74_1,TNFRSF13B,6.770562556,6.44e-30
10814_7_3,CD1A,1.562050754,3.46e-11
8994_65_3,SLAMF8,4.799905445,1.63e-24
5487_7_3,SLAMF7,4.120421719,6.860000000000001e-27
10548_35_3,KLRG1,4.318633967,1.1700000000000001e-29
10365_132_3,IL23A,1.224136056,6.19e-9
7057_18_3,SHISA3,4.400214412,5.32e-25
14084_191_3,ICOS,2.365022855,3.16e-17
2579_17_5,MMP9,2.915100794,3.49e-13
10506_53_3,PGRMC2,1.221074483,3.15e-9
10460_1_3,CHIT1,1.373706141,8.16e-10
4496_60_2,MMP12,0.776286513,8.4027e-4
12509_115_3,COMMD1,1.437212347,7.03e-13
13733_5_3,IL12B,1.48735841,5.92e-10
7780_34_3,MZB1,7.308641223,4.5899999999999996e-35
11107_25_3,TENM3,-0.529317687,0.001802656
6417_55_3,MUC15,2.88752255,2.9400000000000003e-21
6405_74_3,PSG2,0.601298498,4.45029e-4
10476_23_3,MCFD2,1.176925732,1.44e-7
9246_1_3,LPAL2,0.457301335,0.003665462
9267_2_3,CPA4,-0.740864966,0.008449381
9869_28_3,NFKB1,2.076693321,2.69e-13
11187_11_3,CLEC12A,1.157954069,2.23e-8
8407_84_3,NOTCH2,-0.338633666,1.24e-5
7827_20_3,ADAM32,-0.668972134,0.002457159
5014_49_1,NCK1,0.455986642,0.002900206
11561_32_3,ARK2C,1.586714463,4.92e-14
5363_51_3,SEMA3E,-0.43507633,0.008856095
4964_67_1,ERAP1,0.354405172,0.014270677
7968_15_3,CRTAM,2.252897199,1.26e-22
4407_10_1,MST1,0.554506761,0.040723505
9021_1_3,HAVCR1,-0.506593501,5.03589e-4
5090_49_2,LILRB1,0.79478096,1.45e-9
11180_17_3,SMARCC1,0.230603951,0.028446898
4491_4_2,IL5RA,4.003214419,3.46e-24
8800_14_3,TTC17,-0.331026481,0.014270677
3700_15_4,IGHG1,2.498660252,7.810000000000001e-21
12785_49_3,ZBTB33,-0.504920024,0.001746982
11895_21_3,MMRN2,1.225182158,1.34e-8
3459_49_2,PDGFRB,0.434777845,0.020684795
2789_26_2,MMP7,1.836885339,4.02e-14
8667_42_3,CD40,2.245840658,1.07e-17
5073_30_2,IGHG1,3.656262477,7.179999999999999e-32
10082_251_3,NEFL,0.510301179,9.88e-6
2665_26_2,TNFRSF17,4.484914906,1.55e-28
6115_40_3,CTBS,1.088970951,2.42e-8
4394_71_2,FGF8,-0.356668053,0.015615699
8488_33_3,ITGA2B,0.895677279,0.001102302
9451_20_3,UMOD,0.566420539,6.18e-8
3479_71_2,PRSS3,-0.764338499,3.40984e-4
9368_64_3,LRTM1,-0.631613884,0.00134
4449_67_3,GREM1,-0.614058917,0.002759742
4397_26_2,IFNL2,-0.663441817,3.09e-5
4494_63_2,IL12B,-0.981424072,6.4e-8
13105_7_3,SNAP25,0.229859373,0.003328948
10639_1_3,HLA-DMA,1.909813406,4.57e-14
8578_45_3,AMELX,1.999369783,2.2e-13
9350_3_3,FSTL4,-0.689167254,0.0105
11934_9_3,INTS3,-0.572423441,0.04268767
2742_68_2,SIGLEC7,0.594753153,0.001951175
7136_7_3,HBE1,0.809059863,2.49e-6
4130_71_1,FGF6,-0.453040659,0.014690412
10767_52_3,GPR64,2.578141903,1.67e-14
2953_31_2,CGA,0.379934917,0.0153
13487_24_3,UNC93B1,0.420724765,0.015366478
9313_27_3,CBLN1,-0.827713165,3.03e-9
9574_11_3,BIN1,-0.49328067,0.01704675
7969_163_3,WFDC11,0.349391483,0.015391136
13435_31_3,IL20RB,0.582910301,0.014278262
4479_14_2,SERPING1,1.032119891,9.35e-7
6650_20_3,POSTN,1.05832627,3.08949e-4
11186_12_3,TMEM52,-0.835033374,6.67747e-4
3506_49_1,LTA,2.199219881,6.15e-10
11505_1_3,CD38,0.373192404,0.046615804
12801_33_3,IRF2,0.672037149,0.001715053
8232_90_3,AMICA1,0.596507864,1.07e-5
12826_5_3,SLC5A5,-0.556374469,0.017624653
3324_51_1,LY9,3.157866336,5.32e-25
14175_78_3,SCP2D1,0.380679699,0.019175561
12422_143_3,ALOX15B,1.21978584,1.52e-7
10003_15_3,ZNF41,0.358258901,0.02592504
3487_32_2,CXCL13,1.698001717,7.8e-8
11174_8_3,THSD7A,-0.939584424,5.72e-8
8021_59_3,MRPL14,0.401913234,0.011376471
11450_110_3,P4HB,0.817218639,3.89152e-4
2607_54_2,CLCF1,-0.771000297,3.46e-5
8946_38_3,NR1H4,0.350922259,0.009368119
11266_8_3,SELPLG,0.589132875,0.001915536
11872_9_3,PCDHGB1,-0.483376019,0.003290847
12462_20_3,SETMAR,1.359796331,2.82e-12
3891_56_1,MBD4,-0.738637273,0.002404613
12649_80_3,MDH2,-0.810389149,5.14e-5
10427_2_3,KCNE2,2.237337955,1.72e-17
13701_2_3,CXCL13,2.143657064,1e-11
8770_136_3,CD84,0.87179326,1.41e-5
13686_2_3,IL5RA,2.560394555,4.1699999999999994e-23
13028_2_3,EVI2B,0.479809361,0.0407
10025_1_3,DLD,-0.729525893,3.82472e-4
9940_35_3,DUSP28,0.577320392,3.78756e-4
10847_1_3,SIGLEC15,0.861353368,1.59e-8
4914_10_1,CGA,0.995925992,1.84e-4
4988_49_2,FGFR4,0.42077874,0.011355618
11262_39_3,TRABD,0.594449579,7.68e-5
13432_9_3,ZFYVE27,0.493802773,0.011660522
11837_7_3,TNFRSF18,-1.247320839,9.55e-10
9028_5_3,MTPAP,0.636117094,0.010400736
11551_16_3,HMG20B,-0.316704233,0.018305557
7846_44_3,PSG11,0.77582907,1.05e-5
5059_8_3,IGHG1,2.717139546,3.73e-25
8882_1_3,ADAM17,-0.49404231,0.031689337
10809_14_3,KLRB1,1.111228344,5.17e-7
3172_28_2,ARSB,0.209935341,0.045845829
8008_28_3,HRK,-0.344290466,0.026709198
3446_7_2,IL18R1,0.444745167,0.009211243
10627_87_3,APLP2,-0.856042157,7.92e-6
12426_19_3,MOB1A,0.795123957,1.67e-4
5102_55_3,MICB,-0.416585738,0.0374
4374_45_2,GDF15,0.69663628,4.35e-4
3723_1_2,NPPB,-0.434841807,0.008511369
2630_12_2,IL1RAP,0.405340634,0.004021325
4135_84_2,IGHE,-0.227144001,0.024457488
2697_7_2,PF4,-0.951486165,3.79e-5
8631_13_3,ERMAP,0.585048659,2.6348e-4
7099_33_3,FSTL5,-1.065142054,2.35e-8
5960_49_3,SCGB1C1,1.948922844,8.59e-17
14068_29_3,CCL25,0.890876436,5.94e-5
6340_10_3,GPHB5,1.530205806,4.76e-12
5105_2_3,RTN4R,-0.585645783,7.63e-4
5133_17_3,TGFBR2,1.04651118,1.23e-5
9040_144_3,EPDR1,-0.428151442,0.00472
4267_81_3,PES1,-0.56196577,0.005094054
10737_96_3,SERPINB1,0.250491911,0.019880268
6077_63_3,CECR1,1.535766524,1.28e-13
12595_11_3,TMOD1,1.200620564,3.96e-5
9885_41_3,RAP2A,0.482382719,0.003186301
2652_15_1,PLAUR,0.677476988,3.98e-6
9561_21_3,VCAN,-0.457531321,0.003150961
8897_3_3,LRRC37A2,-0.73747446,2.85e-5
6574_11_3,FAIM3,3.053677272,2.24e-24
11439_88_3,RHPN2,0.731431807,2.05944e-4
13519_112_3,ARHGEF25,0.932572251,2.36e-7
7065_1_4,MPIG6B,0.701331981,0.003913296
5728_60_3,FCRL1,1.629616231,1.93e-11
10505_12_3,RNF43,0.654640436,6.87e-5
5118_74_2,IGHG1,1.458193161,9.91e-11
7915_31_3,APLP2,-0.436586224,0.025983906
10823_19_3,ATRAID,0.340807698,0.019321788
7849_3_3,QPCT,0.346831932,0.0273
7147_35_3,WFDC8,0.517237072,0.034510058
6386_4_3,IGFL1,1.064094515,4.09e-11
10980_11_3,ACHE,-0.785046604,0.00872
5071_3_3,IGHG1,2.176241008,9.36e-22
3356_50_1,CA7,-0.706692902,3.89e-7
3820_68_2,MAPKAPK2,0.417862268,0.003482645
2976_58_2,DSG1,0.402112858,0.026794082
5091_28_3,LILRB2,0.398757391,0.0254
4916_2_1,IGHD,0.482071777,0.00806
8783_216_3,MAVS,1.483442414,2.76e-12
6606_61_3,KISS1,-0.696357625,4.80852e-4
9582_93_3,SUSD1,-0.71479482,9.82e-5
8032_23_3,MCCD1,0.626614505,2.03908e-4
13732_79_3,CTF1,0.634520766,0.024080117
3209_69_1,MEPE,-0.830048631,1.82e-5
3034_1_2,GFAP,0.933050644,5.72e-8
4774_62_3,FAM107B,-0.250053423,0.040920359
3069_52_3,IGHM,0.807742967,1.07998e-4
4561_65_2,BIRC7,-1.002529653,4.72e-8
5675_6_3,PRELP,0.452626067,0.028446898
12424_107_3,THYN1,0.805393728,0.014324995
6620_82_3,LINGO1,-0.592084092,0.0192
9106_87_3,LYSMD4,-0.296861918,0.010698377
11287_14_3,CYB5A,0.542030347,0.011049903
3174_2_1,ADAMTS1,-0.391413676,0.020745412
14026_24_3,IL17F,0.491478409,0.039914432
9188_119_3,CXCL9,1.519209474,1.49e-10
4475_60_3,ZAP70,-0.434235028,0.049842865
8697_38_3,GPC1,-0.727813789,0.00275641
11227_31_3,TBL2,0.996810357,1.18e-6
8035_6_3,C1orf198,0.704688585,0.003491497
11645_9_3,P4HA1,-0.552136825,3.33867e-4
12777_11_3,SF1,1.133989393,7.77e-9
13687_5_3,CCL1,0.546362614,3.29e-5
7093_20_3,NRXN3,-0.434127727,0.004101437
9094_5_3,CLEC4C,0.56049854,3.64308e-4
13109_82_3,NEGR1,-0.330067061,0.0407
9172_69_3,MMP8,1.889581246,6.15e-10
11560_76_3,NFATC4,-0.481504946,0.039957928
6230_56_3,CER1,-0.425803878,9.86e-4
9227_15_3,PDCD1,1.818700963,2.46e-17
9495_10_3,CXCL17,0.496542499,1.63455e-4
8362_102_3,IGJ,1.242849356,1.64e-7
9191_8_3,TFF2,0.763117342,0.010154071
7775_15_3,KLK11,-0.593287465,2.80096e-4
5121_3_2,SEMA6B,-0.610942582,0.00104
11918_54_3,STOX1,2.878290842,4.1699999999999994e-23
3083_71_1,EDA2R,1.051333212,9.13e-8
8971_9_3,NRXN1,-0.515004193,0.00162
5637_81_3,NTNG1,-0.495900933,0.0437
6353_60_3,IGFL4,1.4071135,1.21e-13
9316_67_3,WFDC1,-1.000870809,1.32e-8
11207_3_3,MSR1,0.337547392,0.044281988
14095_1_3,KLRK1,0.472052447,0.002356091
9362_11_3,DEFB123,0.982515941,8.05e-7
6485_59_3,IGLL1,-0.539221326,0.004044279
9492_5_3,RRBP1,-0.351766586,0.010710145
9383_24_3,CHI3L2,1.88513559,3.06e-12
9256_78_3,NPTX1,-0.849355887,3.67e-7
14038_130_3,CST7,0.894992048,2.5e-5
8274_64_3,STX7,0.521717898,0.015584505
3603_60_4,CLEC7A,0.743724656,1.16e-5
13076_4_3,FXR1,0.578921781,0.003519853
13655_34_3,NCL,0.359428431,0.007852928
3418_12_2,CAMK1D,0.318886484,0.017266763
5735_54_3,C1GALT1C1,-0.353203401,0.014
12692_56_3,DOT1L,0.367806955,0.00682714
8253_2_3,POMGNT1,-0.381106632,0.001102302
14314_6_3,PPIL2,0.44832745,0.016508728
5023_23_1,ADSL,0.746416463,3.6685e-4
7034_4_3,SGCB,1.41458899,1.98e-10
4567_82_2,SH2D1A,0.619611455,6.96587e-4
3029_52_2,CD209,0.980698044,2.69e-8
13388_57_3,PCSK1,-0.264935348,0.0183
4123_60_2,FGF4,-0.827549739,2.61e-5
13681_173_3,CSNK2A2,0.920221435,7.61e-5
6326_20_3,BMP4,0.485081216,0.004224722
5596_75_3,CD5,0.602533686,2.8e-6
3216_2_2,PIGR,-1.31896585,2.56e-6
4534_10_2,PRSS22,-0.743960895,7.96e-4
7625_27_3,YWHAQ,0.270798074,0.024723132
6522_57_3,AMBN,1.457517927,6.29e-12
5226_36_3,CSNK2A2,-0.511480568,0.023731394
4126_22_1,BPI,-0.685424642,0.002649961
2843_13_2,SPINT2,-0.540724102,0.003243624
11531_24_3,C10orf54,-0.613747982,0.001787173
3292_75_1,CD48,2.78336876,4.63e-25
3056_11_1,KLRK1,0.797307827,5.42e-6
11129_66_3,BMP15,0.692844458,2.65e-7
5490_53_3,SPOCK1,-0.691829407,6.97e-5
3235_50_2,WFIKKN2,-0.468166284,0.001879313
6631_17_3,COL9A1,1.325726609,4.07e-10
9805_51_3,SEMA4B,-0.661813695,0.023131661
13747_9_3,CA6,-0.421976988,0.0154
12845_18_3,SNX17,0.513760922,0.038869152
4153_11_2,SERPINA3,1.329424362,1.52e-13
13499_30_3,F8,-0.511046053,0.018066139
6575_79_3,ADAMTSL1,0.341864083,0.032647126
7923_41_3,SEMA4C,0.252929382,0.037883104
7992_3_3,TMIE,1.158268143,2.25e-9
13996_16_3,PPCDC,0.858566969,4e-5
11121_56_3,VWC2,-0.575259647,5.69e-4
7785_1_3,EFNB3,0.452013213,0.034526252
14056_4_3,CGA,1.33570205,6.34e-7
14147_50_3,IFNG,-0.567637634,0.00235
8296_117_3,KDELC2,0.514347668,0.017869941
3290_50_2,CD109,0.947900423,1.73022e-4
11300_32_3,SORT1,0.516159713,0.004842592
6948_82_3,FIG4,0.708193391,5.19283e-4
8323_163_3,TFF3,0.781836514,5.2e-5
6897_38_3,B3GAT3,-0.645655491,3.78814e-4
4889_82_1,WNT7A,-0.578788333,0.001188216
5843_60_3,EHMT2,-0.751831881,2.99233e-4
8794_13_3,DPEP1,0.528626897,0.002379215
6300_14_3,RLN1,1.204222891,2.44e-10
5016_61_2,PARK7,0.412060474,0.014603634
8766_29_3,LILRA5,1.100986374,7.49e-8
5424_55_3,TNFRSF11A,0.280021128,0.041169828
14045_12_3,NCOA2,0.771937432,1.61417e-4
7009_8_3,CD72,1.126435319,6.1e-11
11391_69_3,MVK,0.473124809,0.001844726
14628_72_3,FBXO3,0.64330653,0.005531459
7945_10_3,SEMA6A,-0.7380065,0.00201
8921_139_3,PABPN1,0.76437884,0.002268205
9046_46_3,LRPPRC,1.631008008,1.25e-15
8933_84_3,MEF2C,-0.692900008,0.00447642
13596_3_3,RAB27B,0.417513117,0.008165383
11481_25_3,HAVCR2,-0.699527621,3.62e-6
13468_5_3,NEURL4,0.445266427,0.010698377
3198_4_1,IDS,-0.495519967,0.042
3719_2_2,CDKN1B,0.68526331,0.003747172
10908_2_3,GALNT13,-0.477355274,0.002583312
12590_67_3,PRB4,1.357026859,4.22e-9
3052_8_2,FASLG,1.136111017,3.89e-12
12846_3_3,FBXL5,0.996943167,5.04e-7
11212_7_3,TXNDC5,1.986293565,6.87e-20
10022_207_3,POLH,-0.665494942,2.35799e-4
5647_51_3,IAPP,0.98793731,1.73e-8
14061_48_3,TNFSF11,0.765189017,1.03e-5
8092_29_3,IL6R,0.361970411,0.0068124
8002_27_3,TMPRSS5,0.818874092,4.25e-5
9983_97_3,PRSS35,-0.540994492,0.030605957
11164_7_3,TENM2,0.987715616,2.16e-6
8000_17_3,KIR2DL5A,0.417633814,0.031919251
8804_39_3,COL20A1,0.897010636,1.8e-5
6277_55_3,ISM2,1.148965561,1.84e-10
11919_84_3,LRIT3,1.968354038,4.92e-14
4480_59_2,C3,1.240358067,1.26e-8
14149_9_3,IL36B,0.510023166,0.031794308
10615_18_3,MPZ,-0.64888084,9.10558e-4
7789_182_3,PRDX4,0.272604629,0.026469572
9767_22_3,RIPPLY1,0.318494847,0.015834142
2619_72_2,TACSTD2,-0.561265972,0.021177248
13578_98_3,ABLIM3,-0.575946008,0.002042995
3534_14_2,CD40LG,-0.473577257,0.013814823
7012_35_3,VNN2,0.382799993,0.00203
8383_20_3,C11orf94,-0.542265854,0.027816628
3642_4_1,CD84,0.918187766,1.65e-10
6583_67_3,SERPINA10,-0.774969347,9.12e-5
2631_50_2,IL10RB,0.795335229,2.44e-5
9170_24_3,IL17A,-0.3000786,0.043105358
3875_62_1,ARID3A,-0.572619853,0.004608862
13386_248_3,RNF34,1.101323919,6.37e-6
6551_94_3,SERPINA12,-0.322452009,0.040671729
5128_53_3,SLAMF6,2.451303133,5.32e-25
9995_6_3,DUT,0.709228162,0.003398028
5613_75_3,LAT2,-0.696412679,0.001491243
5080_131_3,GPNMB,0.711189842,5.47e-6
10701_30_3,CDH12,1.486383855,1.39e-9
12665_16_3,ILF2,0.684516648,3.33e-5
11248_43_3,UROS,0.602135177,0.001231419
9577_26_3,SYT2,0.798449253,2.45e-5
6593_5_3,GALNT3,0.566266364,0.014162549
6491_59_3,KLK15,-0.310986226,0.0405
10956_82_3,GCSH,1.255448217,1.1e-8
6462_12_3,TIMP4,-1.25915705,1.54e-13
8941_4_3,NLGN3,-0.569026819,0.00148
2967_8_1,VCAM1,1.594336239,5.73e-12
8755_202_3,HLA-DPB1,0.987247136,5.77e-6
13457_33_3,ELF5,-0.818680495,2.88e-6
3378_49_2,KLK7,-0.990948339,2.43e-12
6494_60_3,SPACA5,0.530614419,7.30815e-4
11440_58_3,SOCS3,-0.821274687,0.039755175
14099_20_3,PSMA4,0.727536908,0.001391515
5353_89_2,IL1RN,2.08731038,9.78e-17
8772_5_3,EFNB2,-0.444029059,0.005481872
9266_1_3,TREM1,1.846594126,4e-15
6377_54_3,LYZL2,0.598013884,0.003621544
12766_33_3,GPR142,-0.96900127,6.03e-7
4979_34_2,DPT,0.506051244,7.50831e-4
8016_19_3,DNAJC4,1.01288622,9.77e-7
9303_9_3,ICOSLG,0.346903721,0.006696283
3505_6_2,LTB,1.130446032,6.17e-6
11537_12_3,TFR2,-0.656876544,0.025848391
2900_53_3,CCL14,0.666327235,9.35e-5
8908_14_3,KCNE5,-1.117227857,9.35e-7
11546_7_3,CYGB,0.588161293,0.001190504
6521_35_3,NPTX2,-0.453659287,0.00185
7953_20_3,SLAMF1,2.988765159,1.21e-21
6923_1_3,PLOD2,-1.061578639,3.45e-10
6295_67_3,VCY,0.924479616,1.03e-8
4272_46_2,GPI,0.572362961,0.004657756
2763_66_2,FGF20,-0.591001655,0.005589462
6421_52_3,IFNA16,-0.834801303,0.001865104
12799_65_3,DNAJC27,0.495323877,0.013100892
3853_56_1,MDH1,-0.417781626,0.0142
12793_4_3,PIWIL1,-0.550808864,0.003888157
2848_2_2,WIF1,-0.518122123,0.0029
13378_80_3,C5orf63,0.596714092,0.021724158
14079_14_3,IL18R1,0.692182468,1.91724e-4
9848_22_3,CCNH,0.706541242,5.85765e-4
5063_12_2,CD244,-0.608788484,6.68639e-4
8475_15_3,MMP7,-0.340712135,0.0373
7127_3_3,APOA2,-1.030242597,2.09e-7
4212_5_3,EPS15L1,-0.381791385,0.011600149
9343_16_3,IL2RB,2.684717309,9.68e-21
7016_12_3,GCNT1,0.905688787,1.39e-6
9865_40_3,UBE2B,-0.605784508,0.001266432
5934_1_3,FTL,0.6674954,3.87e-4
8750_46_3,VCL,-0.204871678,0.049585396
8868_4_3,ACOT7,1.540546271,7.79e-14
7121_2_3,SYT7,-0.328956402,0.044244912
9859_180_3,SAT1,0.686731698,4.12e-6
12808_103_3,CARHSP1,0.619355593,9.7e-4
7926_13_3,SPINT3,0.448589019,0.003274843
9994_217_3,ATP4B,0.54386446,0.003049633
14093_10_3,FLT3LG,0.613102698,0.002361869
12878_60_3,OSBPL11,1.086467998,2.96e-6
12398_15_3,PAX4,-0.472670046,0.026701786
6228_58_3,SPACA1,-0.647791961,0.003916477
12358_6_3,IGBP1,1.006621187,8.05e-6
8031_11_3,CEACAM1,0.778517996,0.002842125
2831_29_1,KLK11,-0.703508038,0.001648901
14617_7_3,CNTNAP1,-0.758853966,3.96048e-4
5722_78_3,PRCP,-0.88637604,9.51e-8
8954_30_3,MAP4K1,1.512130318,2.76e-12
7885_17_3,CFHR5,0.449423456,0.0292
14024_196_3,EDA,0.745504195,3.25e-5
8479_4_3,MMP10,0.540592289,0.015316227
7872_5_3,NUDT8,0.508239834,0.004457106
11543_84_3,LIMA1,0.367793678,0.015987159
11302_237_3,TNR,-0.506800867,0.0165
2670_67_4,CKM,-0.502535778,6.19e-5
7824_88_3,MSRB3,-0.310411862,0.00524
9077_10_3,MAN1A2,-0.453494586,0.003195523
10610_8_3,DEFB134,0.62868259,0.007138363
8240_207_3,GPNMB,1.010073255,1.71e-8
6399_52_3,DEFB107A,-0.428774789,0.02301039
4435_66_2,ENPP7,0.513965716,0.03054918
2778_10_2,IL22,-0.611290041,2.86e-5
2773_50_2,IL10,0.631721697,3.78814e-4
6232_54_3,CD86,0.599452921,0.003454644
3312_64_1,FCGR1A,-0.832680152,0.002292666
5400_52_3,LEPR,0.364561238,0.04427432
11436_6_3,INA,0.769903252,0.003134008
4535_50_2,BST1,0.448770677,0.001550878
5134_52_2,HAVCR2,0.837990541,1.36e-11
3352_80_3,CA6,-0.193460874,0.0275
3302_58_1,CST7,0.682779355,1.82e-5
12906_137_3,FLNA,1.577413562,1.86e-11
13431_74_3,FAM159A,0.387764641,8.49208e-4
13053_6_3,SLC6A14,0.433694581,0.001411776
7713_102_3,FMR1,0.695137521,2.17491e-4
9796_4_3,CEL,-0.384110269,0.00165
9787_23_3,COLEC12,0.738353006,0.001066696
4992_49_1,GRN,0.934959642,4.76242e-4
7178_59_3,DEPP1,0.801040362,7.39394e-4
6934_8_3,DEFB131,0.356064715,0.00645188
4187_49_2,PGD,-0.414450523,0.040513364
3000_66_1,MBL2,0.664280948,9.97e-4
6374_7_3,MMP20,-0.89167258,3.33e-5
8620_56_3,KLK14,-0.40115569,0.006011192
11536_9_3,MYSM1,0.357378941,0.034866637
6280_11_3,PCDH8,0.588461973,0.010683373
12022_12_3,SMAD4,0.478262745,0.008153593
12700_9_3,ACLY,0.999446303,1.88e-7
5963_9_3,DMKN,0.270610157,0.02913328
8702_42_3,OSCAR,0.919131463,1.45e-7
4970_55_1,CA2,-0.860813844,6.73e-5
14054_17_3,IL15RA,0.936191213,3.8e-7
5491_12_3,SPOCK2,-1.286660171,1.56e-13
10616_67_3,PODXL2,-0.596184234,0.004238167
14662_6_3,MZF1,0.666410225,2.07e-5
8327_26_3,DPEP2,0.686904733,2.12e-6
3486_58_2,FGF1,-0.53957682,0.011107489
5061_27_3,ICOSLG,0.79235589,7.41e-6
8983_7_3,GOLM1,-0.487458614,4.03e-4
11448_34_3,GALK1,0.520459907,0.032315274
14157_21_3,YWHAE,-0.342418593,0.014730506
5980_55_3,BOLA3,0.572140627,1.16041e-4
10447_18_3,PABPC3,0.968498984,9.14e-7
8529_1_3,TNFRSF10B,-0.553111467,0.001025179
9300_13_3,PVRL1,-0.517389447,0.00203786
8859_51_3,CA11,-0.401602756,0.0233
3173_49_2,NAAA,-0.354493937,0.048929378
9306_7_3,DEFB118,-0.733281112,0.001718092
11071_1_3,IL5,-0.618057245,6.77026e-4
14616_16_3,ZNF382,-1.15794093,6.19e-9
5736_1_3,TREML2,1.285714547,9.39e-11
4886_3_1,CCL7,0.867569457,3.96048e-4
3196_6_2,HAPLN1,-0.596727846,4.51e-5
5131_15_3,TNFRSF19,0.351494191,0.00237902
7761_125_3,CHKB,0.684034881,5.14e-4
4931_59_1,F3,0.527982594,0.001443659
7244_16_3,IGFLR1,0.907460134,7.17e-12
7856_51_3,FAM151A,-0.793172593,0.00467856
3498_53_2,IL17A,-0.785036566,1.62e-5
5452_71_3,ASGR1,0.67380558,1.32e-4
12764_3_3,ELMO1,0.409673283,0.006126247
11203_97_3,PKLR,-0.612824452,0.009207296
9900_36_3,NEFH,1.633441919,2.75e-14
3666_17_4,CFHR5,0.370685694,0.034
6248_68_3,FAS,0.78310003,3.89e-7
11325_8_3,BTG2,-0.401855153,0.009339751
14037_18_3,RANBP3,0.518074334,0.005744807
6036_78_3,EPHA10,1.227258685,4.36e-8
9022_49_3,DEFB132,0.635043625,2.56e-5
6223_5_3,GUCA2B,0.301268461,0.025753492
14102_6_3,GNLY,-0.530840487,0.004238167
12387_7_3,PDLIM4,0.397843113,0.02059771
5695_5_3,BPIFA2,-0.30521461,0.023928482
10583_1_3,TMEM108,-0.583419471,5.75e-5
9739_4_3,MSH2,0.961464754,5.98e-6
7999_23_3,ENTPD1,0.673649432,3.04502e-4
2878_66_2,YES1,-0.416914443,0.003141045
13978_122_3,TBX3,0.362575329,0.008410281
11315_148_3,PPM1D,-0.635109126,1.07e-5
7640_29_3,LRP1B,0.988498954,0.001986144
4453_83_3,LRRTM3,-0.999284889,2.69e-8
10056_5_3,FOXM1,0.6683586,0.011869937
10752_8_3,CDYL2,0.755200171,0.001429237
9017_58_3,LCT,0.572693118,0.009132263
3893_64_1,MSLN,-0.506691402,0.017403041
12450_42_3,PMVK,0.53411631,0.004099959
2632_5_2,IL12RB1,-0.523607496,0.037481163
9277_16_3,REG3A,0.851550307,1.69e-6
11926_23_3,AAGAB,-0.43220741,0.041084862
9816_37_3,ISOC1,-0.740314075,2.98e-5
12734_112_3,KIF22,-0.404729972,0.041355573
6234_74_3,VIT,-0.542920275,0.0127
9511_61_3,NXPH2,-0.516819372,0.00109
13500_9_3,TEX29,0.5329605,9.24407e-4
5646_20_3,RNASE6,0.476425889,0.002112618
14013_11_3,TANK,-0.547926305,0.005584705
2797_56_2,APOB,0.842911955,4.81e-4
9993_11_3,ZNF264,0.540493578,0.012924921
9719_145_3,MMP16,-0.41827024,7.5e-4
5355_69_3,TNFSF14,1.013403962,4.53e-7
6448_36_3,SEMA3C,-1.282971664,3.27e-8
9459_7_3,FAS,1.130736711,2.02e-9
14283_12_3,RAB14,-0.598626299,6.0588e-4
9221_6_3,ITPRIPL1,0.760286165,1.17e-4
6434_18_3,AOC2,-0.74192389,4.71709e-4
6291_55_3,CLSTN3,1.200363455,4.86e-7
8398_277_3,RARRES1,-0.385786105,7.85574e-4
14108_15_3,TGFB1,0.53327221,7.68e-5
6324_11_3,DNASE1L2,0.623378314,0.014513395
8011_96_3,ACP7,-0.804104445,2.89e-5
2516_57_3,CCL21,-0.487964491,0.011189026
12020_39_3,BPGM,-0.570998239,0.004685702
13588_11_3,ANXA9,-0.602691473,0.021433336
9067_152_3,CEP57,-0.614429155,1.76704e-4
12714_38_3,AP1G2,0.812928435,5.85e-7
7693_13_3,TNFRSF10B,0.631086581,6.09e-4
7200_4_3,LRFN2,-0.549049316,0.00236
4549_78_2,FUT5,0.624898086,9.76e-5
12709_63_3,H1FX,0.933867683,6.42e-7
8065_245_3,PATE4,-0.510675032,0.001128576
13993_20_3,EPB41L1,-0.682740427,0.002739485
4721_54_2,TFF3,0.796869912,2.01e-5
3078_1_2,PGF,-0.399096586,0.0121
3195_50_2,GNLY,-0.457251877,0.003168121
8363_18_3,KIAA1324L,-0.501623893,0.009911128
12527_50_3,THRA,0.302349899,0.003289009
12790_10_3,CCDC51,-0.372353323,0.041889742
3360_50_4,CHEK2,-0.421565464,0.005564296
6444_15_3,PSG3,0.690863469,4.53e-6
8758_2_3,PCDHA7,0.652108379,1.05688e-4
14007_22_3,PAPSS1,0.706341693,4.19e-5
5337_64_3,CD86,0.855401902,0.001733296
2939_10_2,ARTN,1.344798816,8.99e-7
6572_10_3,LRRTM4,-0.475407688,0.00691
10851_77_3,EBI3,0.782817332,3.42e-8
2775_54_2,IL17F,-0.391547831,0.004732882
3281_19_1,ANGPTL3,-0.567807773,0.018480291
13494_6_3,CERS5,-0.722035659,0.002459715
6304_8_3,C1QTNF1,1.765081914,2.25e-9
9754_33_3,NQO2,-0.443479971,0.027675898
3194_36_2,GP6,0.407082884,0.043064125
9456_34_3,IL22RA2,1.070432357,7.7e-9
2748_3_2,INHBA,0.600646769,0.014182046
12772_8_3,NUP98,0.26058946,0.005863674
11257_1_3,QDPR,-0.905177447,1.63e-6
12406_119_3,DIRAS3,0.534947818,0.015987159
5066_134_3,CD300C,0.615764435,4.12e-6
9526_3_3,CLPSL1,-0.557406621,0.002716005
4460_8_2,PDPK1,-0.74271356,4.62695e-4
9524_46_3,SPATA31D4,-0.439981852,0.008064228
13511_29_3,SATB1,-0.455053653,0.023754208
13449_25_3,SF3B4,-0.58502099,0.007964164
12694_28_3,DIMT1,-0.567084253,3.73298e-4
9598_23_3,CSMD1,0.395239217,0.048891608
4487_1_1,FGF7,-0.936668793,2.78e-5
4250_23_3,NSFL1C,0.449377511,0.028989627
14133_93_3,IL1R2,0.39259822,0.0112
5028_59_1,CD163,0.747367186,4.37e-5
5730_60_3,CXCL14,0.645838423,2.11601e-4
13744_37_3,IL3RA,-0.723720741,5.58e-5
12873_11_3,SPN,0.694723101,5.72e-5
10721_76_3,PCDHGB4,0.721913284,3.07e-6
13393_46_3,DERL1,0.500972435,0.016471767
6706_18_3,ALPPL2,-0.78849054,4.19e-5
8675_79_3,PILRA,1.471172157,1.99e-10
7935_26_3,LARGE,-0.351488464,0.029155925
2781_63_2,CCL4L1,0.692153812,0.00121
3421_54_2,TNFSF8,1.203143432,7.17e-10
5663_18_3,PF4V1,-0.31152736,0.033672478
2805_6_2,ACE2,-0.745878313,4.85e-5
6455_52_3,HAPLN4,-0.536445033,0.00983
3032_11_2,CGA,1.123067576,1.37e-5
4322_28_3,AMN,-0.651803759,4.12e-6
9122_8_3,OTOF,0.491806213,0.007453577
4246_40_2,L1CAM,-0.734940753,4.65e-5
14121_24_3,TNFRSF10D,0.280349914,0.0334
3321_2_2,IL24,-0.603449381,7.37284e-4
4904_7_1,CASP2,-0.35065744,0.006249559
12008_3_3,CD7,0.93273773,1.08e-6
14148_2_3,ISG15,0.677621358,0.001270362
3236_12_2,GSK3B,0.575463175,0.0113
13986_6_3,LANCL1,-0.827472361,0.001748164
8462_18_3,GH1,-0.523077069,0.003021545
14049_17_3,IL7,-0.81289877,9.73e-6
8078_15_3,C6orf226,1.294699604,1.11e-8
9828_86_3,LDHC,-0.872442089,0.001115077
8372_29_3,CDHR1,-1.221198152,3.89e-7
13498_1_3,MIOX,0.728444259,1.80962e-4
4309_59_3,TPI1,-0.770483768,4.61e-6
14051_54_3,FOXC2,-0.408562437,0.026645087
13580_2_3,UAP1,0.248821416,0.04189343
9889_42_3,AFAP1L1,-0.653107286,0.023021149
10618_190_3,LRP2,-0.573053721,0.0108
8820_2_3,C1QTNF2,-0.818089841,4.24e-6
9607_39_3,PRR27,0.570333821,9.82e-5
4330_4_2,KLK3,-0.794540142,1.03e-5
14134_49_3,AMIGO2,0.306582924,0.0332
14039_33_3,KLK5,-0.459739129,0.003174513
9053_16_3,CRIP2,0.630271787,0.003654757
9326_33_3,ITIH2,0.558940837,0.00341
8535_102_3,DMKN,0.433835261,0.001915536
13602_6_3,NHP2L1,1.033422731,1.1e-5
5704_74_3,GZMM,0.443770964,0.049989702
4139_71_2,IL6R,0.378991271,0.004805699
6471_53_3,CFHR4,-0.652422639,0.003672347
7787_25_3,LILRA5,0.546554759,0.0269
5111_15_3,NRXN3,-0.725862551,1.15e-5
6207_10_3,PSAP,-0.164226105,0.026441297
12367_52_3,TMEM57,-0.530019335,3.93359e-4
5244_12_3,MAPK9,-1.062254703,6.7e-10
2744_57_2,IGHG1,1.85564566,2.84e-17
3152_57_1,TNFRSF1B,1.887821623,3.19e-22
10902_53_3,ASPRV1,-0.486901101,0.003429206
10700_10_3,IGSF11,-0.672035612,1.53463e-4
7245_2_3,CELF2,0.62479719,0.014725362
5698_60_3,TNXB,-0.833371363,1.05e-6
12458_79_3,CHP1,-0.387258883,0.0489
3181_50_2,CTSS,0.328715273,0.035276762
12759_47_3,ILF3,0.632627431,2.37e-4
9241_40_3,SIRPG,0.488356333,0.008705332
12691_44_3,SHMT2,1.264948997,4.39e-5
4976_57_1,CRK,0.560031302,0.001671468
11633_89_3,AHSA1,0.503569322,0.022331579
5632_6_3,CRTAC1,-0.32267378,0.0368
11270_17_3,CHCHD10,0.465056057,0.0236
9116_28_3,HEPACAM2,0.718639366,2.64e-5
10914_4_3,CHIC2,0.368443358,0.002381956
7161_25_3,H6PD,1.267398518,3.26e-10
12593_33_3,PDRG1,0.788516158,6.33e-5
2685_21_2,IGFBP5,-0.555749429,0.002547292
7106_37_3,OOSP2,-0.665193538,4.79762e-4
5264_65_3,CALR,0.552729468,0.002839145
11993_227_3,ATP1A1,1.153391802,3.3e-9
10803_22_3,PCDHGB2,1.040240142,3.47e-5
9757_29_3,ENAH,-0.749462026,5.59797e-4
11487_4_3,SPOCK1,-0.597381963,7.47473e-4
4162_54_2,TF,-0.424106235,6.12826e-4
4962_52_1,CDNF,0.914888149,8.33e-5
8777_5_3,TGFB1I1,0.340416004,0.016196907
13530_5_3,UTS2R,-0.647232983,0.005831921
14050_61_3,EFNA4,1.403757539,2.07e-10
13958_5_3,RBM46,-0.67970962,0.001433867
14041_13_3,GZMB,0.86782817,1.33e-5
2991_9_2,IL1R1,0.497966193,0.00331
4437_56_3,ENTPD5,-0.520507064,4.66495e-4
7944_1_3,KIR3DL3,-0.320951166,0.026734435
6590_54_3,NRP2,0.386493965,0.01849302
13972_4_3,HSD17B14,0.72228239,1.12512e-4
8953_47_3,HDGF,1.005841901,1.32057e-4
3431_54_2,EPHA1,0.210484391,0.0153
7770_25_3,NFU1,0.282341249,0.014324995
8233_2_3,ITIH5,-0.6836985,0.044
5822_22_3,GDNF,-0.434417143,0.003756992
6994_19_3,C3orf18,0.649279844,8.46e-4
8368_102_3,TNFRSF1B,1.662251832,5.21e-20
5116_62_2,ROBO2,-0.676463126,1.09e-5
4811_33_3,ITIH4,0.513414154,0.0165
6563_78_3,PCDHGA11,0.318400961,0.00325483
14006_36_3,GNMT,0.333847338,0.048587466
11104_13_3,CHI3L1,0.930858981,2.31e-7
6557_50_3,LRRC15,0.279411002,0.035597851
3038_9_2,CXCL11,0.818325783,1.94836e-4
13941_82_3,FARS2,0.525210356,0.001475686
6361_49_3,PTPRR,-0.419168329,0.00117
7628_40_3,CRELD1,0.316788692,0.035197819
3405_6_2,UFC1,0.899155302,1.41e-6
4455_89_2,MFGE8,-0.671550261,5.79e-5
10584_7_3,NDUFS4,-0.604024819,0.013454606
6388_21_3,CCDC126,-0.562896923,0.011535968
8326_63_3,SIGIRR,1.149690025,7.77e-10
5936_53_3,TNF,0.398561575,0.024214408
8299_66_3,LILRA4,0.571505203,7.07e-4
14047_78_3,BDNF,-0.761257187,8.18e-5
3651_50_5,KDR,0.446859048,0.021793633
9384_17_3,CAMP,-0.541431426,4.68812e-4
8606_39_3,GPNMB,1.188605526,3.27e-8
12783_29_3,HNRNPM,0.796657623,7.6e-6
8394_56_3,RNASE2,1.016896896,1.13e-5
3854_24_1,NACA,-0.628806754,0.010024062
14256_4_3,FBN3,-0.644120201,0.007520095
10445_20_3,APOM,0.515613628,0.00258
12357_41_3,SNAP29,0.680087659,2.02501e-4
11313_100_3,PCBD1,0.54172826,0.014295085
3184_25_2,F7,-0.31981834,0.022337277
12571_14_3,ARL3,-0.783877474,4.45931e-4
5654_70_3,TMX3,0.393812474,0.0128
6504_65_3,LOXL2,-0.593947095,6.39725e-4
2731_29_2,POR,-0.418555621,0.004685702
7740_33_3,FATE1,-0.520459052,0.008653943
9178_30_3,NRG1,-0.379568762,3.62569e-4
13631_1_3,RBBP5,0.628684245,2.20798e-4
11245_43_3,FLNA,0.344500697,0.029472866
12987_12_3,SRSF7,0.719580438,0.003743161
6410_26_3,INSL4,0.733676037,5.22246e-4
12516_13_3,TEAD4,0.647686889,2.69085e-4
12513_8_3,GLTP,0.965352192,1.05e-6
8228_10_3,UQCC3,0.886790819,3.09e-5
3601_54_3,CHL1,-0.342943196,0.0233
7748_11_3,NDUFV2,-0.382617495,0.02155204
12411_60_3,MAX,0.693818451,0.00182701
8235_48_3,CHGB,-0.962040553,3.54e-8
3379_29_1,PRKCI,-0.485310225,0.041850067
9065_28_3,TXLNA,0.332269787,6e-4
10510_62_3,SCIMP,-0.739798991,1.50714e-4
7018_10_3,TSR3,0.555659381,1.12558e-4
7009_6_3,CD72,0.67372871,3.82472e-4
2585_2_5,PRL,-0.47472854,0.0167
12787_47_3,ZNF134,-0.656840627,0.038702938
5630_48_3,CD300A,0.778932697,7.55e-9
3445_53_2,IL15RA,0.992051782,4.79e-7
10521_10_3,MXRA8,0.492639154,0.014559176
12451_62_3,BACH1,1.032075556,6.7e-10
3714_49_2,CKB,-0.622327351,1.19771e-4
9218_7_3,FAS,0.444414631,0.001424252
9531_24_3,LST1,0.5226478,0.014007146
10943_36_3,WBP1,-0.388037404,0.003088654
9808_41_3,TNRC6B,0.461700261,0.011885855
13481_24_3,TCEA2,0.918228863,3.56e-6
9127_4_3,SLC26A5,-0.964948585,1.46e-6
7081_2_4,BTN3A1,0.514301542,0.001475686
13477_65_3,LTB4R,0.761767373,1.14e-5
9713_67_3,PDGFRL,-0.669107288,2.53853e-4
10370_21_3,STAT1,0.599533872,0.006506431
5392_73_2,FAS,0.845307417,3.54e-8
7219_152_3,LIPA,0.981525332,6.07e-5
13526_5_3,SSB,0.63922535,3.81563e-4
3186_2_2,C2,0.766793467,0.002463402
9870_17_3,WARS,0.76190165,6.73e-5
10749_18_3,C1QTNF3,0.727778552,1.02357e-4
4550_3_2,FYN,-0.378068965,0.007937691
12830_4_3,SAP18,0.410422429,0.016166138
4785_30_3,SERPINA6,-0.576021161,0.002921682
9111_40_3,JPH4,-0.390172072,0.019112902
10758_2_3,KERA,-0.337313313,0.004360014
10529_19_3,ZNF358,-0.750661166,7.10469e-4
3636_37_4,OLR1,0.449382759,4.46e-6
9857_38_3,IRF4,1.596913193,9.46e-15
5095_7_3,KIR2DL4,-0.53738215,0.022260054
10894_25_3,SCGN,0.875888194,1.8e-5
7893_19_3,OLR1,0.578736872,1.78e-7
6296_36_3,OIT3,0.514571718,1.59656e-4
10833_64_3,HHIP,-0.480008897,0.04073539
14708_59_3,C8G,-0.482186928,0.004230511
8275_31_3,PEAR1,0.700509593,5.49e-6
9058_1_3,TIMM21,-0.820445201,6.38e-5
5633_65_3,LILRB2,0.665354192,5.33e-6
5716_49_3,CSAG1,-0.935504477,3.05e-7
10940_25_3,SRL,0.308294138,0.025652647
14615_46_3,KRTAP2-4,0.449910826,0.049585396
8262_20_3,APOD,0.533739175,5.04e-5
11273_176_3,GSTT2B,0.285437589,0.034233459
12988_49_3,EWSR1,0.622882545,1.02357e-4
11955_1_3,ARHGAP1,0.937634812,9.88e-6
9463_26_3,CDHR3,0.40409043100000003,0.042047744
6168_11_3,TP53,0.763536448,9.71e-5
13545_97_3,EIF1AD,0.91851743,4.64e-6
5272_55_2,SHC1,0.931586607,2.25e-5
6117_4_3,PCSK2,0.711169836,7.88e-5
7123_25_3,MRPL52,0.296649391,0.049495956
9229_9_3,CTRL,0.718885855,1.34221e-4
13488_3_3,ARFIP1,0.644282124,0.00271
12355_223_3,MRRF,0.369308606,0.030895543
2643_57_2,CDH3,0.675683992,0.00904
7073_69_4,C22orf15,-0.666416002,0.002345262
8887_21_3,NUDC,0.76224655,2.06512e-4
8993_151_3,RIPK2,-0.481259293,0.00459
8290_1_3,VAMP5,-0.470306927,4.24e-5
6431_68_3,PCYOX1,-0.506908272,0.002145678
8080_24_3,MSMP,0.661800041,1.78e-4
3327_27_1,NTN4,-0.992457493,3.31e-9
4392_54_2,FGF12,-0.702902083,2.88e-6
3443_61_2,HIPK3,-0.635369108,0.003701571
7243_8_3,IFNB1,0.641320198,0.001293538
11656_110_3,EVL,0.112123395,0.038021842
9627_15_3,VIT,-0.790508974,4.86e-4
4490_65_2,IL3RA,-0.933763683,4.76e-6
12695_62_3,KLHL12,-0.67266527,4.85e-5
4983_6_1,ERP29,0.519016955,0.001401784
8806_18_3,NRN1,-0.401341781,0.02246463
6570_1_3,COL13A1,-0.402815834,0.010605735
13460_4_3,CHAD,-0.780129586,2.6e-6
10339_48_3,ENO2,-0.437012349,0.00218177
5280_68_5,SLC25A18,0.510244025,0.005362514
6715_63_3,ALPPL2,-0.572787037,3.83918e-4
5717_2_3,CILP,0.904039284,1.0813e-4
2602_2_2,ANGPT2,-0.626617007,0.003072216
13403_5_3,ETV5,-0.484061212,4.17658e-4
5992_50_3,CD8A,0.574864914,4.94e-5
13129_40_3,LDLR,-0.863112393,4.12e-6
4149_8_2,PDGFB,-0.63332775,0.003325675
14086_11_3,SMPDL3A,-0.909279457,1.22e-5
12507_16_3,ITPKC,0.586056113,1.47205e-4
12731_12_3,PLEKHA7,-0.940469229,4.46e-6
9867_23_3,FBP2,-0.442202904,0.011889203
8236_8_3,C18orf32,0.661166935,0.001658727
5096_51_3,KIR3DL2,-0.663678365,2.11269e-4
12798_46_3,SLC4A8,-0.435957424,0.007198585
8872_1_3,SEC61G,-0.711537463,4.05e-5
5359_65_3,PIM1,0.483616394,0.00864
3376_49_2,IL17RD,-0.34367912900000003,0.004685702
6315_58_3,PLBD1,1.231292816,1.53e-7
12382_2_3,DDX58,0.850421891,3.91e-6
4413_3_2,SLPI,-0.643434852,0.001619509
9832_33_3,HGD,-0.273130886,0.032372157
12577_100_3,FEN1,0.569226035,0.001607103
10490_3_3,RPN1,0.265867361,0.021097731
14100_63_3,C1QC,0.292712295,0.00488
9450_18_3,CDK2AP1,-1.106252752,3.12e-8
10419_1_3,SCARA5,-0.521911968,0.002048544
5679_16_3,DEFB103A,-0.697308341,6.93674e-4
14052_26_3,UNC13A,-0.479996889,0.016365312
3709_4_2,GPT,0.426595594,0.0122
8289_8_3,GPNMB,2.206530315,2.73e-20
7253_6_3,QKI,-0.984783238,1.9e-7
14334_3_3,RCVRN,0.698589552,3.05e-6
9370_69_3,GGH,-0.789344811,5.14e-5
13716_259_3,F2,0.486215249,0.003525739
9474_22_3,ASGR2,0.546616982,5.787e-4
9008_6_3,PRRG1,0.504010725,0.027704914
12514_16_3,METTL1,0.570856651,0.014629741
3204_2_2,LTA4H,0.619537799,0.013344334
7919_278_3,FAM3D,-0.477873319,0.001129564
11602_12_3,CPNE1,0.860398639,1.34716e-4
10479_18_3,MMP10,0.272378865,0.0371
7183_102_3,C19orf80,0.383207251,0.006985888
9123_18_3,CBARP,0.584483255,0.004088088
8034_6_3,DRGX,0.298896497,0.008476759
12594_5_3,GCA,-0.360725912,0.037364617
8367_142_3,VSIG1,-0.930801555,9.77e-7
13515_8_3,RPRD1A,0.272970022,0.028366963
2770_51_2,CCL1,0.953476424,3.95e-7
9894_13_3,MYO6,-0.521201034,0.002146011
11328_9_3,USB1,-0.495269819,0.005201064
7085_81_3,CDSN,-0.497946733,0.005033859
8653_132_3,DNAJC4,0.42024755,0.011049903
12551_3_3,ITCH,-0.491260252,0.003255415
4920_10_1,LYZ,0.783581148,1.47e-6
10574_10_3,AXL,0.81797842,1.15e-6
2851_63_3,C5,0.335645611,0.0107
4588_1_2,PPY,0.237856044,0.0472
5122_92_2,SEMA6A,-0.682791899,0.00136
13577_25_3,U2AF2,1.027611967,3.54e-8
13429_3_3,WFDC10A,0.734061738,3.39e-6
13490_1_3,MPP6,0.506426822,8.86817e-4
3450_4_2,KLK6,-0.506910219,0.028157319
13665_35_3,PPP2R3A,0.697613293,2.84e-6
3050_7_2,VWF,-0.479975914,0.004310923
12549_33_3,HPGDS,-0.813960174,1.48e-6
14070_56_3,ITSN1,0.364599277,0.037384584
14125_5_3,APOM,0.886583529,9.96e-5
4141_79_1,CXCL10,1.884648712,1.86e-13
6633_43_3,UPK3BL,1.331049704,2.7e-9
12546_1_3,SMTN,0.400757466,0.016206745
8518_55_3,ADM,0.560003782,0.023469804
11462_8_3,RBFOX2,0.452366715,0.012820995
7006_4_3,COL25A1,-0.624691982,9.19911e-4
14755_4_3,LTF,0.646708968,4.03448e-4
7251_64_3,C1QTNF3,-0.748309118,1e-7
6382_17_3,MANBA,-0.860244082,5.3e-7
2212_69_1,PLAT,-0.868010821,1.71e-7
9010_3_3,DMPK,0.744700134,1.49222e-4
7014_27_3,LRRC19,0.416845148,0.02975917
9937_7_3,GJA1,-0.387269543,0.014001713
9609_25_3,ZNF275,1.070027671,4.21e-6
2968_61_1,TNFSF15,1.926569978,8.34e-22
12923_51_3,KRT17,0.512239617,0.003913296
10699_52_3,LRP1,-0.938073145,3.95e-7
12338_27_3,EGFLAM,0.466867207,0.032129911
9284_25_3,SFRP4,-1.025945812,1.02e-9
8086_49_3,ITM2B,-0.983677967,1.37e-5
2788_55_1,MMP3,-0.505285685,0.0232
12670_15_3,RAD1,0.526998662,0.007138363
13408_23_3,WFIKKN2,-0.533884245,0.00268714
4194_26_3,ANP32B,1.398525785,8.18e-11
3810_50_2,FGR,-0.620246594,2.06512e-4
5897_58_3,GRP,-0.53218694,1.59e-7
3473_78_2,MPL,-0.843444153,1.07e-5
10527_22_3,DHX9,0.567592696,0.032551803
6392_7_3,WISP2,-0.556181828,0.00345
6990_44_3,SDF2L1,1.272392735,1.02e-12
12625_138_3,KLHL7,0.69250905,7.63819e-4
3400_49_2,TBK1,-0.661988294,5.14148e-4
12820_1_3,GRAP,0.666388282,3.57138e-4
10000_28_3,CRYBB2,0.630108643,1.96359e-4
2654_19_1,TNFRSF1A,1.152000518,4.72e-12
6472_40_3,PMEL,-0.64519686,2.77e-5
12835_101_3,PYDC1,-0.67317141,0.010397056
10088_37_3,APRT,-0.316026778,0.033280519
11229_16_3,ERN1,0.328238472,0.007075121
10480_33_3,CD59,0.722310506,1.84062e-4
12498_12_3,TAX1BP3,0.64825854,0.009047168
2809_25_2,ADAMTS4,-1.014400664,1.14e-6
3374_49_2,HCK,-1.096266484,6.32e-7
12480_9_3,OTUD5,0.459023489,0.003824103
5496_49_3,SPON1,-0.381509963,0.0312
6899_37_3,PCBD2,0.531902634,0.0144
9794_17_3,ADCK4,-0.875961692,5.75e-6
8931_124_3,G0S2,-0.43644381,6.25744e-4
11117_2_3,SPATA20,0.846185312,1.47e-6
3420_21_2,CA13,0.929954061,2.94e-7
8239_223_3,BCHE,-0.400668076,0.0157
12381_26_3,CBR1,1.085809071,4.35684e-4
2977_7_2,EDAR,0.718637819,6.43e-5
3311_27_1,FCGR3B,1.277212007,1.04e-10
6561_77_3,LOC652493,1.308515335,3.37e-8
5661_15_3,IL18,1.011841094,5.63e-7
4278_14_3,P4HB,-0.88655198,1.91e-6
3868_8_1,SGTA,-0.694991754,0.001200848
6992_67_3,HBD,0.532381128,5.60393e-4
6425_87_3,MMP19,0.527393612,1.27e-4
3179_51_2,CTSA,-0.560950965,1.74e-5
3611_70_4,ECE1,-0.674257186,0.001929228
12534_10_3,CALCOCO2,0.407507179,0.032554964
13554_78_3,REPIN1,0.717531369,5.66e-5
11311_79_3,RAG1,-0.205490203,0.033352433
12518_289_3,PBRM1,0.727517639,8.37e-5
5457_5_2,COLEC12,0.614866425,0.006422064
5669_26_3,SIRPB2,0.603936892,0.0074791120000000004
9583_17_3,RNF24,0.763834271,2.67e-5
13963_7_3,TOLLIP,-0.302734382,0.0244
7124_18_3,IL21,0.68435985,2.05e-5
11336_9_3,FANCF,-0.515790194,3.81486e-4
11401_181_3,RNF146,0.598862372,8.91e-6
8974_172_3,COL15A1,0.46130430100000003,0.012960647
5085_18_3,IL20RA,-0.776319816,1.65e-7
2418_55_9,APOE,-0.511299171,5.53e-4
10702_1_3,COL28A1,0.623546558,6.71514e-4
2732_58_3,NANOG,-0.775676142,9.08e-6
5508_62_3,CTSD,-0.832204845,2.36e-5
9962_1_3,CDHR5,0.562917114,0.005564296
11549_6_3,ISL1,0.52204523,0.00244627
3616_3_5,GNS,-0.347339241,2.39e-4
13553_4_3,DCUN1D3,0.815445955,3.74e-6
14011_17_3,S100A11,1.175841362,6.1e-11
9835_16_3,ALDH1A3,0.743009371,1.29421e-4
7825_7_3,ABHD12,-0.643412847,0.006418601
10473_2_3,TFF2,-0.539729425,0.005268466
14151_4_3,ISG15,0.668776078,8.49366e-4
6647_55_3,UBC,-0.231958738,0.048587466
7265_32_3,OSTN,-0.417889009,0.044891257
3805_16_2,ESM1,-0.381922699,0.0464
2436_49_4,CXCL16,0.583959426,0.013618456
9258_14_3,CXADR,-0.510822271,0.004924039
2849_49_1,AIF1,-0.968024384,1.76e-5
2575_5_5,LEP,-0.477460279,0.013
6480_1_3,CANT1,-0.524026077,0.019758839
2634_2_2,IL2RG,1.040886555,6.48e-7
11709_29_3,CPT1B,0.363568679,0.0031
12685_57_3,HOMER2,-0.514550119,0.004463525
12784_10_3,APBB3,0.670495481,1.07691e-4
12484_67_3,PITPNB,0.628913887,2.11601e-4
3169_70_2,IDUA,-0.366315381,0.011045341
2915_6_2,PCNA,-0.607173008,0.00638094
13710_6_3,SERPING1,0.901590927,5.74e-5
9000_177_3,SLC3A1,0.664960237,0.009389281
2858_29_2,HAT1,-0.65357898,0.001953062
9829_91_3,SULT2A1,0.390722026,0.037413463
12871_10_3,TWF1,0.434716402,0.003224906
9185_15_3,TFF1,-0.322086858,0.032315274
4138_25_2,IL20,-1.468882576,1.12e-11
10928_7_3,IL36A,0.401429614,0.005267421
6911_103_3,CLEC6A,-0.383113909,0.03006956
9964_10_3,MYZAP,0.551461097,2.91864e-4
11110_4_3,TMEM119,-0.603843694,0.022839683
11486_26_3,ZNF174,0.618652356,3.55509e-4
3480_7_1,DUSP3,0.818542601,9.11592e-4
5740_17_3,ROBO1,-0.36885578,0.0301
4396_54_1,IFNL1,-0.757598379,5.49e-6
2468_62_3,CCL20,-0.716364324,5.56704e-4
11890_2_3,VSIG1,0.710257587,1.80156e-4
2708_54_2,TNFSF18,0.436484753,0.005805329
12531_5_3,ERVV-1,0.702397493,0.002278527
8265_225_3,TMPO,1.495769174,5.68e-9
9545_156_3,GZMK,0.965894558,1.82e-6
3206_4_2,LYVE1,-0.480143361,0.00354584
13707_27_3,SPARCL1,-0.341791925,0.03
5719_66_3,FAM189A2,-0.541682223,0.001779849
3758_63_3,PROC,-0.991722184,9.45e-5
5265_12_3,GRAP2,-0.807425155,0.001658727
11406_82_3,ACAD8,0.374504054,0.027566152
10818_36_3,SMPD1,-0.576842505,0.007445203
5763_67_3,DEFB104A,-0.434507481,0.0127
2859_69_2,HDAC8,0.71550701,9.55e-4
7751_121_3,SFRP2,0.34660109099999997,0.046235968
13104_32_3,EFNB1,0.77132895,1.11e-6
2523_31_3,CCL5,-0.539204149,0.003519853
7049_2_3,ADAM23,-0.29162007,0.0171
5766_6_3,RSPO4,-0.811150435,8.93e-6
6360_7_3,DEFB128,-0.70982116,0.002184287
3708_62_1,A2M,1.109005111,3.27e-8
7220_20_3,IL32,0.356410503,0.033941502
4696_2_2,FABP3,0.386986846,0.005032965
7818_101_3,GBP6,1.034906667,2.05e-8
9102_28_3,ZFYVE27,0.698665361,1.63629e-4
8463_2_3,SOD3,-0.451545332,0.002039837
10012_5_3,SPDEF,0.675879884,1.06937e-4
10518_14_3,IGSF9,-0.985483615,2.56e-7
6584_1_3,HRC,-0.317871458,0.020422847
11634_32_3,RGS10,-1.301610266,7.1e-9
6363_55_3,DEFB124,0.705713727,0.005072585
13130_150_3,HK2,-0.569745785,0.00116151
5671_1_3,CTRB1,-0.321075297,0.024457054
12856_14_3,TMEM237,0.656683347,1.91408e-4
11196_31_3,COL6A3,0.447960052,0.0014717
13504_147_3,HNRNPR,1.138089996,3.05e-7
14057_68_3,TNFSF15,0.753632631,1.49e-5
12724_81_3,CIRBP,0.507221024,0.023104617
8870_38_3,NPM1,0.567685893,9.53025e-4
13113_7_3,SPP1,0.611927755,0.002459715
3503_4_2,ITGB1,1.088148838,3.46e-6
9950_229_3,LAG3,0.339772241,0.0394
6643_62_3,CD47,0.643363617,5.68926e-4
3489_9_2,CNTF,-0.602974662,6.74378e-4
13093_6_3,SECTM1,1.296273325,6.04e-12
11312_40_3,PMS2,0.39727333,0.049585396
12574_36_3,EDN2,-0.572187168,1.04e-4
8990_42_3,ATP1B3,0.665452875,6.87e-6
12564_9_3,NIP7,0.652604691,5.81e-5
8089_173_3,NR4A1,-0.268941363,0.010093897
5677_15_3,C2orf66,-0.537451699,4.85e-5
11205_10_3,ITGB7,-0.538319757,0.0265495
8791_151_3,CA5A,1.005855329,1.08e-8
12475_48_3,CLIC5,-0.322013904,0.023276536
8404_102_3,BOLA2,-0.480373365,0.005692341
12900_29_3,ACACB,0.778219978,2.65e-7
10472_53_3,TNFRSF14,0.485766532,3.78814e-4
14065_11_3,CD5,-0.822508422,4.99e-5
5443_62_2,NPPA,-0.462527709,0.003328948
11147_17_3,TREML1,-0.315499463,0.046893794
4304_18_2,LCORL,-0.760326517,4.07e-5
10827_67_3,LINGO3,-0.621554345,0.00126
9312_8_3,AZGP1,0.635340161,0.0014
7792_58_3,CCDC90B,-0.43031166,0.040972877
4297_62_3,SPON1,-0.395024244,0.047235721
4973_18_1,BIRC3,-0.581186432,0.001260019
11222_62_3,PTPRH,0.536566152,0.001108137
12854_3_3,TEAD3,0.512023713,7.42194e-4
11361_73_3,TYMP,0.416118555,0.0397
12758_47_3,GRID2,-0.771742583,4.87926e-4
10087_10_3,CRYAA,-0.392848352,0.006224915
6932_42_3,ITGA5,0.495561318,0.007576389
3358_51_2,CDK5R1,-0.650322512,0.006100548
7020_13_3,CHST5,0.56445975,0.033348329
9638_2_3,TIGIT,0.562403836,1.45393e-4
6914_15_3,AMIGO2,0.502311139,0.0206
2636_10_2,LTBR,0.793904626,4.61e-5
8635_283_3,ZPBP,0.790216043,2.01e-5
14597_5_3,SEMA6C,-0.799851637,2.86e-5
13573_5_3,ARPC3,0.924549116,1.59e-5
6917_49_3,LRRC3,-0.935610818,1.47e-6
7097_8_3,CDY1,-0.650021554,3.39046e-4
4986_59_1,PTK2,-0.660268594,2.28e-5
8402_22_3,CYTL1,0.442827948,0.005451233
7116_31_3,OSCAR,-0.5987715,0.001511567
7130_4_3,LAIR2,-0.504767889,0.004644444
4146_58_2,NTF4,-0.652486085,3.81486e-4
3022_4_2,CTLA4,-0.628995367,0.00099816700000000011
3823_9_1,MATK,-0.534008463,0.001658727
9197_4_3,LGALS9,1.021610535,3.18e-9
8894_80_3,HNRNPAB,1.185135249,3.01e-7
10878_1_3,TNFRSF10B,0.547106476,4.53e-4
7994_41_3,ERO1LB,-0.666835828,9.11e-5
12537_88_3,PURA,0.809777546,8.26e-5
13572_43_3,PSMD11,0.582939593,0.004997383
8382_47_3,MAPKAPK5,-0.468174445,0.035636937
5803_24_3,C3,1.017816825,8.42e-7
6039_24_3,CRHBP,-0.965483173,1.67e-8
4158_54_2,PLAU,-0.527519135,0.00222574
9756_6_3,TAGLN,0.501422929,0.009671047
5204_13_3,PSME3,-0.440902719,0.014972562
7989_5_3,C1orf226,0.33463075,0.019921396
6530_63_3,PROL1,-0.598981665,3.64308e-4
14635_28_3,PCDHGA8,-0.563139476,1.18398e-4
11712_207_3,UNC45A,-0.791123212,2.76e-6
9412_52_3,ACVR2B,-0.706175497,0.002839145
9352_86_3,REG3G,0.625037894,0.001850067
7153_66_3,NGRN,-0.409952489,0.038999192
8999_19_3,CEACAM3,0.724727361,2.09e-7
5104_57_3,NCR1,0.569827846,1.24759e-4
7003_4_3,GALNT10,0.219277602,0.034362393
9952_57_3,TFAM,0.693090979,4.45354e-4
4990_87_1,GP1BA,-0.461376056,0.021719653
2666_53_2,DCN,-1.222143499,6.52e-10
9997_12_3,UBXN4,0.515273284,0.00355706
10671_67_3,CALY,-0.627900542,0.007657194
4450_26_2,HNRNPAB,0.608148778,0.002268205
14272_43_3,FBXL4,-1.14621324,1.61e-9
4306_4_2,TKT,-0.81449864,1.23e-7
9723_105_3,MMRN2,1.264443753,1.35e-9
2985_35_1,CXCL1,0.801128264,3.38e-6
10571_14_3,MGAT1,0.397235151,0.003482336
9013_60_3,NTN1,-0.498426809,0.004526326
5460_60_3,DDX19B,0.372655361,0.018191662
7056_16_3,SLC3A2,0.342026683,0.0235
4294_16_2,SPHK1,-0.626682102,0.002055374
2761_49_2,FGF18,-0.589954494,4.47027e-4
2875_15_2,TBP,0.393314784,0.01205611
10531_18_3,NRAS,-0.298053777,0.041330249
13988_67_3,NMRAL1,0.626201026,0.001514229
10354_57_3,STAT3,0.712430279,5.79e-5
9356_20_3,CD40,-0.771024564,3.43e-6
11338_49_3,BLK,0.170217064,0.048904657
6896_3_3,C1orf162,0.670080655,8.87e-5
4924_32_1,MMP1,-0.714405861,0.002084708
10976_44_3,MUC1,-0.295723746,0.038031449
13730_18_3,CTSC,0.589114214,1.34e-5
12844_10_3,BAG4,-0.527691757,0.001688906
3416_2_2,BTK,-0.666619157,4.65e-5
4314_12_2,DCTPP1,0.391125936,0.015405889
6484_11_3,POSTN,0.425046746,0.007272979
5316_54_3,F2,0.372095778,0.016226427
11202_70_3,TBX5,0.492516661,0.00354837
10910_6_3,CEACAM4,0.582998204,3.33454e-4
10785_8_3,LRRC52,0.837714943,2.73e-6
3646_7_4,TEC,-0.446946467,0.029844082
13940_19_3,IFI16,0.913440835,7.95e-6
8287_17_3,CD300E,0.443840212,0.015273639
2447_7_4,PLA2G2E,-0.73453746,7.91561e-4
9063_9_3,APOA5,-0.713217608,5.69e-6
12893_159_3,IFI16,0.484159131,0.007771651
3613_62_1,FCN1,-0.620446519,0.001627272
14634_13_3,LHCGR,-0.589276362,7.94423e-4
2857_70_2,NR3C1,-0.742593408,2.70506e-4
5011_11_1,NAMPT,0.542981045,0.021557008
8393_121_3,CTSF,-0.412027358,0.00784389
12477_42_3,TSN,1.1022454800000001,9.5e-5
14260_112_3,NET1,-0.411610396,0.004574718
11661_11_3,NLRP1,-0.766087138,4.36e-4
12414_31_3,YWHAB,0.59070501,0.00239707
11480_1_3,ALDH3A1,-0.634803558,8.33e-8
11459_81_3,ELL,0.46138463,0.032497111
8340_9_3,DEFB110,-0.707155553,6.68639e-4
11368_32_3,AK2,0.381953034,0.027902664
8042_88_3,SPINK9,-0.819037378,1.48e-9
10631_9_3,PGRMC2,0.857608007,8.31e-7
11629_36_3,TRAF4,-0.830037565,8.55e-6
6408_2_3,INHBC,0.475638609,0.0212
3361_26_2,CD207,-1.121482039,3.54e-8
6256_9_3,LY6G6C,0.437824887,0.011322799
7873_32_3,TSSK2,0.606141997,0.010817787
9254_18_3,FCER1A,0.640064212,0.00804
8790_6_3,ARSA,0.983409251,3.1e-6
6379_62_3,ADAMTSL2,-0.685457118,7.33e-5
3518_54_2,CPB2,0.34338985,0.0292
12633_3_3,PTPN9,0.441631418,0.00739348
8978_30_3,MAP4K3,-0.421931048,0.002031526
3168_8_2,ADAMTS5,-0.821208849,1.55e-7
2877_3_1,UBE2I,0.577686828,0.005268466
7823_22_3,ST6GALNAC2,-0.519003723,0.001128576
12668_7_3,VPS4B,0.577471939,1.88e-5
12030_82_3,DES,0.769826153,5.79e-5
4859_6_1,BMPR1A,-0.44646522,0.0228
9955_40_3,RNF148,-0.422395001,0.002144782
2838_53_1,MMP17,-0.335493269,0.005163384
13126_52_3,DSC2,0.72594025,4.92e-7
9490_3_3,C4orf32,0.793473289,5.41e-6
8261_51_3,STOM,0.567837326,2.8868e-4
9176_3_3,MUC1,0.928015732,1.4e-8
8485_7_3,KEAP1,0.798275494,3.43e-5
5666_64_3,IL1R2,0.349490258,0.028446898
13056_18_3,SLC6A16,-0.606792309,0.005481872
13929_27_3,CROT,0.545187186,0.01236143
12508_9_3,VPS24,0.435568082,0.002733111
6604_59_3,NDNF,-0.365086284,0.043861348
11593_21_3,CXCL9,-0.150671195,0.002925589
12575_30_3,MTHFD1,-0.464628176,0.010772036
11342_59_3,PLXDC2,-0.533573464,4.67179e-4
11333_82_3,ARHGAP25,0.553249945,0.003098323
11681_8_3,AGFG1,0.315334782,0.034877205
10659_49_3,MUC4,-0.57067294,9.98e-5
8023_23_3,KCNJ11,-0.524167933,0.005015405
11422_2_3,DLX3,-0.714282441,3.82e-5
8889_5_3,CCPG1,-0.519595257,3.6868e-4
5651_50_3,PSG7,-0.460485454,7.23217e-4
12033_3_3,BUB1,-0.211071605,0.038534525
2247_20_11,PROK1,-0.931022417,1.28e-5
9921_14_3,FBXL4,-0.441556175,0.024260523
10738_11_3,FBLN5,0.494517162,0.008057289
3394_81_2,PLK1,-0.540580001,6.84e-4
2614_28_2,EFNA4,1.264183876,3.06e-8
13493_5_3,GRID1,0.725856781,5.06e-4
4128_27_2,CCL24,-0.260553571,0.019880929
12389_4_3,ORC6L,0.532571552,0.00393229
13536_56_3,POLI,-0.427689222,0.018066139
4452_9_2,LRRTM1,-1.263218514,3.37e-8
14082_56_3,TLN2,0.52991547,5.26429e-4
13723_6_3,IL10,0.827480231,0.001482738
8339_72_3,GRP,-0.878828577,1.04e-6
7801_30_3,FAM107B,-0.497952067,0.003439585
11646_4_3,CHST9,0.35283195,0.038865008
9497_3_3,SMDT1,-0.805588927,5.80788e-4
2599_51_2,TNFSF9,-0.591759933,0.004343017
13954_9_3,GNPNAT1,0.447643764,0.040029558
6649_51_3,NTN1,-0.495968468,0.008590402
8955_60_3,GLT8D1,-0.833852471,2.56e-7
3201_49_2,KLK5,-0.459550656,0.004238285
12368_18_3,KAT2B,-0.481952747,0.00188
8818_13_3,IFNGR2,-0.386975169,0.005632844
11534_6_3,LRIT3,-0.66964737,0.00235
11303_7_3,SAMHD1,1.024412129,1.06e-7
6546_41_3,DKK2,-0.77257735,0.00625
8785_1_3,ARMC5,0.440504672,0.002437232
5201_50_4,PDE9A,1.056335134,6.15e-10
12975_11_3,KRT20,0.795868307,0.00136139
12963_1_3,GPR107,-0.374366321,0.001156359
12815_9_3,IARS,0.501625643,6.73224e-4
7788_1_3,ATP5J,0.785135565,6.87e-6
9457_3_3,CAV2,0.745567143,1.71487e-4
11566_48_3,KRT72,-0.876699361,3.07e-6
5668_49_3,AGR3,0.482706445,0.00871
4911_49_2,GSTP1,0.434174028,0.001483061
8587_21_3,SPINK14,0.85182633,3.19e-5
11817_1_3,RPS6KB1,-0.637595594,7.47473e-4
2760_2_2,FAM107A,-0.442691629,0.00203
8093_13_3,KIAA1161,-0.588189034,8.49366e-4
7076_17_4,ECEL1,0.41883208,0.038954412
3364_76_2,CTSV,-0.612582046,1.27e-6
14031_18_3,FGF7,-1.079152635,6.2e-6
12471_47_3,STAU1,-0.540296991,0.001383058
12493_42_3,OTUB2,0.77739392,6.49543e-4
9951_36_3,FBXL4,0.505288567,0.043
12491_23_3,CLIC4,0.561597706,0.01236143
12861_13_3,TMOD3,1.250048184,4.2e-8
7826_1_3,DCLK3,0.516352702,0.0389
4775_34_3,GSN,0.735456135,3.67327e-4
13985_12_3,SMURF2,-0.489432063,0.006031123
7959_34_3,CDH7,-0.883818093,2.63e-7
5660_51_3,SOD3,-0.370518394,0.00185
9764_79_3,HNRNPF,0.693205322,0.003682288
9840_2_3,CDC42,-0.484248312,0.004437552
9070_1_3,C17orf67,-0.337532045,0.046569583
6969_14_3,WFDC5,-0.556765415,0.004830261
12934_1_3,HERC5,0.656089783,2.12453e-4
8272_22_3,HSD17B7,0.429866804,0.043002623
5604_30_3,HPSE,-0.385264165,0.036646799
8923_94_3,GALNT16,-0.552416258,5.13121e-4
9360_33_3,EDIL3,-0.492758946,7.01096e-4
5328_33_37,EGFR,-0.404995393,0.002839145
5031_10_1,SPTAN1,-0.271613108,0.039368167
4545_53_3,DNAJC19,-0.466264035,0.023047526
8951_162_3,CSPG4,0.367942129,0.035522381
9050_170_3,RSRP1,-0.580155546,0.002377718
8263_64_3,TYMSOS,0.843833717,4.21e-5
8269_327_3,ARSK,-0.41290432,0.023185822
8814_33_3,PSAPL1,-0.411832791,0.02515315
2794_60_2,SOD1,1.503623595,4.92e-11
5013_2_1,CLIC1,0.495510863,0.009482309
7125_4_3,RIC3,0.624088683,5.68141e-4
11200_52_3,CD93,-0.424311918,0.007920431
3538_26_1,DDC,-0.542723362,2.0967e-4
7092_7_3,PDILT,0.590262022,8.37208e-4
4124_24_2,HSPA1A,0.701080394,2.85e-5
2993_1_2,IL18RAP,-0.324956933,0.009451309
12616_45_3,NRBP1,0.420962015,0.0123
4563_61_2,PLCG1,0.755849621,2.64499e-4
13484_69_3,COL1A1,-0.4741777,6.59161e-4
9532_5_3,WBP1L,0.606168725,7.9e-5
8982_65_3,THBS3,-1.087909027,4.61e-5
3837_6_2,ZAP70,0.328172791,0.010432152
5858_6_5,YWHAZ,0.675067272,1.47e-5
3622_33_4,LGMN,-1.189759385,1.54e-12
9793_145_3,IGDCC4,0.432445209,0.02
12786_61_3,GPCPD1,1.004210952,4.07e-9
10464_6_3,ANTXR1,-0.746225711,0.00115425
3591_51_3,CDH6,-0.359474033,0.037362239
6609_22_3,CNP,-0.716446054,1.39e-5
3348_49_2,BMP1,-1.084725107,6.98e-8
7197_2_3,DNAJC15,-0.510522467,2.68325e-4
5526_53_3,TNFRSF18,0.463424532,0.011293836
10396_6_3,MCL1,0.510887675,4.168e-4
6925_26_3,SNX8,-0.373313951,0.01136012
8091_16_3,MASP1,-0.827307306,4.36e-6
3313_21_2,FCN2,-0.368989626,0.015412583
8927_6_3,C7orf73,1.308128558,4.76e-12
13673_21_3,CCT7,-0.331343519,0.033406674
14008_22_3,DCP1A,-0.277285445,0.046915436
12771_19_3,ZNF180,-1.008619971,1.55e-7
13634_209_3,PIR,-0.418006315,0.022651271
9090_9_3,SYTL4,-0.871780639,1.77e-5
14619_8_3,ZNF526,0.785252563,5.75e-6
2734_49_4,NCR2,-1.109558638,8.33e-8
7851_30_3,ANKRD46,0.195965671,0.024052159
9061_3_3,ARHGEF10,-0.611461284,0.001097343
12612_37_3,PSMB1,0.64865991,0.009865177
11699_16_3,PTP4A2,0.42207002,0.017941235
2500_2_3,ANGPT4,-0.713073544,1.83e-5
10372_18_3,STAT6,-0.380662905,0.019243648
5882_34_2,EEF1B2,-0.803234319,2e-4
5903_91_2,HSPA8,0.537888206,0.00354837
14205_6_3,HEXIM2,-0.446156325,0.0173
10576_7_3,PLXDC2,0.482987735,0.00447642
3059_50_2,TNFSF13B,1.039377413,6.39e-7
12853_112_3,TMOD2,0.783504031,6.12e-5
9307_3_3,LYPD3,1.372770149,3.49e-13
8956_96_3,SCARF2,0.455210159,0.024774527
8952_65_3,CSF3,0.739294225,6.62e-6
13590_1_3,REXO2,0.443516737,0.001767428
11912_45_3,C11orf87,-0.60753401,7.07039e-4
6238_55_3,PSG8,-0.599084895,0.00294
11358_15_3,GRB10,-0.55513385,0.001311926
6464_40_3,PVRIG,-0.423377003,0.00707836
10058_1_3,RAD23A,0.369178561,0.009581215
5103_30_3,CD200R1,0.539530688,0.001782199
7891_45_3,UGT1A6,-0.600464322,0.007612701
13422_66_3,ENOX2,0.563793672,3.7e-5
9100_32_3,C5orf46,0.758147108,1.8e-5
13384_110_3,FH,0.792222595,1.52302e-4
14178_18_3,CDKN3,-0.428366702,0.014608684
3440_7_2,GZMA,0.814213812,1.31e-6
4556_10_2,IL34,-0.57894842,0.001254677
5676_54_3,ASIP,-0.487655402,0.001563911
11159_14_3,MUL1,-0.763658907,1.04e-5
8748_45_3,CD74,0.469654026,0.004919215
5228_25_2,KIF23,0.727142503,1.15e-5
13994_1_3,FBL,-0.378543021,0.007865473
3363_31_4,CSK,-0.387225644,0.025989838
12457_10_3,ADI1,0.316841047,0.028214404
12756_3_3,BACH2,0.992672489,1.13e-6
8589_13_3,CDCP1,0.359245913,0.036389241
5099_14_3,LAG3,0.696398293,0.00356
4923_79_1,AMH,0.696258344,3.69e-4
12374_8_3,PAFAH1B3,-0.526460308,0.008314482
5611_56_3,DEFB108B,0.420772728,0.014345691
12718_43_3,PIN4,0.363213893,0.030619027
7939_1_3,PQLC2L,0.599008917,0.021097731
8450_36_3,ADCYAP1,-1.03321596,3.64e-7
11370_20_3,INPP5E,-0.763687085,3.33e-7
6263_77_3,PLTP,0.942165805,2.56e-8
11354_21_3,PLCB1,-0.298880938,0.0304
10882_12_3,DSC1,0.798261691,4.94e-5
14156_33_3,YWHAB,0.615694357,0.002146375
5682_13_3,VASN,0.51081236,0.005514787
9068_17_3,JAKMIP3,1.104904668,1.22e-6
3798_71_1,CA9,-0.549270093,0.001045838
13485_20_3,TMEM87B,-0.95477402200000006,2.04e-7
10638_1_3,TINF2,0.531109804,0.002716005
14227_21_3,MYL6B,1.101978919,1.22e-9
12522_6_3,RAD23B,0.362210085,0.014612594
10382_1_3,ANGPTL3,0.367401171,0.040008981
7145_1_3,ITIH3,-0.749848172,7.42e-5
8347_222_3,DEFB129,-0.498450214,3.27606e-4
4929_55_1,SHBG,0.456599049,0.00967
12428_2_3,LYPLAL1,0.360986846,0.011596195
9468_8_3,LMAN2,0.302294762,0.0177
8984_28_3,LRCH4,-0.877520568,2.45e-5
7638_30_3,LMAN2,0.404412494,0.00793
8044_90_3,XG,-0.421694847,0.027426873
9877_28_3,CRKL,0.761957074,1.6e-6
3815_14_1,IL12RB2,0.465946846,0.0083
7007_24_3,TRAPPC4,-0.373603453,0.003654757
7128_9_3,VWA2,-0.611174491,0.013277498
14169_66_3,TXNL4B,0.605891071,0.033927056
10713_151_3,CD300LB,-0.703877158,1.44e-5
13088_397_3,BTC,-0.624354242,0.00272
7796_10_3,CD79A,0.60082596,4.95e-5
9842_2_3,CTNNB1,0.432445998,0.048891608
5178_5_3,PDE7A,-0.374477843,0.04073539
8079_39_3,EID3,0.546294132,0.0298
10723_41_3,WDR1,-0.649346684,1.31e-4
12945_33_3,RAB18,1.117004054,7.17e-6
6955_68_3,SNX1,0.927715863,9.55e-6
8260_13_3,PDZK1IP1,0.395218644,0.00945
2833_20_1,KLK4,-0.661482228,1.12512e-4
3452_17_2,LCK,-0.707677336,0.003707835
10432_3_3,KIAA1644,-0.388287421,0.00187375
6366_38_3,TXNDC15,0.669094399,6.89474e-4
9385_4_3,GAA,-0.434030624,0.002463402
4165_2_1,TG,-0.538775399,0.001411499
8991_115_3,FCRL4,-0.842435806,1.22e-6
13428_52_3,ZNRF3,-0.384160095,0.014690412
8484_24_3,LEP,-0.286119185,0.0264
14063_17_3,OSM,-0.377844515,0.004066108
13653_335_3,MACROD1,0.998238792,2.6e-5
13023_8_3,ASPRV1,-0.544834833,0.012261513
8055_33_3,DGCR2,-0.795075016,1.69e-5
13574_50_3,RND1,0.445927426,0.003491497
9055_81_3,MYZAP,-0.883580763,5.49e-6
5650_9_3,PDIA6,0.380801233,0.027764296
9834_62_3,ADH1B,0.487713929,0.00201216
4464_10_2,SIGLEC1,-0.506892186,0.001929228
8690_25_3,CAV3,-0.511526798,0.001693261
4771_10_3,SMPDL3A,-0.762210932,7.77e-6
11155_16_3,COL6A5,0.43437513,5.1752e-4
10516_53_3,ITM2A,-1.130328259,8.65e-7
8043_153_3,COMP,-0.686428117,2.41883e-4
9045_3_3,SLC27A2,0.554611343,7.17185e-4
10575_31_3,PUF60,0.265227876,0.039797455
7084_1_3,DRAXIN,0.303105021,0.00963
11098_1_3,PDXK,-0.47716186,0.024693067
11105_171_3,ENO1,-0.446971901,0.002048544
10705_14_3,ST6GALNAC3,-0.692934039,0.002422058
7048_4_3,CEACAM19,0.244696042,0.003183428
6227_1_3,KLK10,-0.492741385,0.00194
3342_76_4,ABL2,-0.717398325,6.33e-5
4906_35_1,F5,-0.644716268,3.86e-6
9768_5_3,IL10RA,0.573157221,0.003396398
5230_99_3,HMGCR,-0.673097781,0.001387425
3447_64_2,CXCL8,0.848916561,2.06e-7
6957_14_3,PNLIPRP2,0.321089066,0.020635059
12466_7_3,HNRNPA1,0.728051023,7.30815e-4
11351_233_3,NHEJ1,-0.647367169,6.86e-5
2906_55_3,IL4,-0.52019502,0.006434439
9831_12_3,G3BP2,1.190346354,1.03e-7
9905_8_3,CEP57,-0.78201962,0.00838
11851_21_3,TREM2,1.604929698,8.55e-15
9173_21_3,PGM1,0.805542473,4.45e-6
6577_64_3,LAMA4,-0.522031768,2.21333e-4
12391_27_3,PDZD7,0.36520707,0.048239521
12750_9_3,ITGB2,0.852229836,1.07444e-4
5755_29_3,GIP,-0.027407324,0.02622678
3852_19_2,DNAJB1,-0.583163991,0.020045198
5746_37_3,EFNB1,0.84846295,1.67e-7
5125_6_3,SIGLEC14,-0.322331424,0.012364457
3797_1_1,CDH2,0.508116846,2.49417e-4
10453_7_3,CEACAM20,-0.508437801,0.009891055
6119_14_3,MAMDC2,-0.414459926,0.036791263
13513_174_3,PIAS3,-0.483213897,0.042046471
7104_71_3,CABP7,0.47375452,0.006935114
13236_25_3,WNT3A,-0.799862301,1.43e-5
5870_23_2,BAD,0.21875056,0.048228625
6502_50_3,CRIM1,-0.88842356200000006,1.25e-4
12822_34_3,APBB1,0.981873464,1.83e-5
7847_66_3,TAC3,0.298784315,0.025439014
10658_28_3,SEC11C,0.408428261,0.011869937
6447_73_3,PTX3,0.788978818,1.69e-4
9401_57_3,TRABD2A,-0.823918154,7.24e-7
8060_7_3,NRG2,-0.39293811,0.041456253
3800_71_2,CKB,0.789612397,2.72e-5
8355_80_3,ISM1,0.436139295,0.003748873
3122_6_2,DIABLO,-0.45215122,0.00300114
10852_114_3,HNRNPDL,0.702686358,0.002144782
3728_52_2,SCT,-0.825138356,3.71e-5
7732_45_3,VAMP4,-0.619727698,0.001718092
9002_36_3,SERPINA11,-0.833046497,4.92e-5
11381_56_3,PRPS1,-0.631822566,0.001375296
10901_334_3,ITM2C,-0.822339857,6.72e-6
12651_21_3,PDK2,0.218506885,0.033119134
5021_13_1,PPA1,0.774334469,4.91066e-4
7070_25_4,KEL,-0.507165602,0.007611072
11649_3_3,SMAP1,1.034079273,3.51e-6
5351_52_3,HNRNPA2B1,0.675209827,0.00109885
14098_28_3,CARS,0.552027464,7.71898e-4
4140_3_2,IL7,-0.78268698,4.56e-6
14633_26_3,TMEM185A,0.697928293,1.15e-5
8255_34_3,MRVI1,0.559748851,0.006829753
7894_155_3,FGF3,-0.510579769,1.73626e-4
13587_10_3,RACGAP1,0.878334118,3.94e-7
7948_129_3,GLTPD2,-0.572861034,0.00354837
6470_19_3,FBLN1,-0.35869143,6.12e-4
12814_17_3,RNPC3,0.689961303,2.46e-5
11653_69_3,SLC6A9,-0.688917937,2.36509e-4
3607_71_1,DKK3,-0.519551496,0.00567
13512_28_3,HNRNPR,0.407047124,0.009591821
9594_30_3,SLC30A5,0.590291388,0.003803043
8085_10_3,FCRL2,0.679368589,2.34185e-4
10491_21_3,M6PR,0.615939803,7.96e-7
9942_2_3,NXT1,1.320193712,3.13e-9
13711_10_3,CLTC,0.588712811,7.07039e-4
12373_73_3,TRA2B,0.860494217,9.36e-5
9745_20_3,EIF4E2,0.511148937,0.003290847
3432_21_2,EPHA3,-0.571954197,9.24e-4
2986_49_2,CXCL3,-0.236321562,0.022443980999999998
3073_51_2,IL18BP,0.995404021,4.6e-8
5481_16_3,RASA1,0.400290869,0.040029558
11252_30_3,LRCH4,0.795240849,3.72e-9
10933_107_3,CALN1,0.298902188,0.035265763
11103_24_3,HSPB1,0.490831326,0.026237876
3520_58_1,TGFB3,-0.370571439,0.0167
11513_92_3,CD38,0.233704577,0.00802165
14116_129_3,S100A4,0.877157177,1.16e-6
7951_146_3,FCRL2,-0.387940729,0.002522706
5885_55_3,EIF4H,0.61157949,0.003102398
11161_5_3,SPG20,0.561299096,0.008728468
11860_3_3,CLPB,0.589042852,0.008725727
7144_234_3,KAZALD1,-0.480299715,0.001514229
4706_17_2,EPB41,-0.690926013,0.003290847
9815_5_3,ARHGAP1,0.904137288,3.5e-7
6257_56_3,CGREF1,-0.497381964,4.19603e-4
5707_55_3,ELK3,0.382544391,0.0208
6380_23_3,ICT1,-0.592223453,0.001813552
11444_49_3,POLR3F,-0.468537869,0.018301636
13453_2_3,MRPL33,0.493566754,0.010206173
6342_10_3,NPNT,-0.861023705,2.74935e-4
12862_14_3,NEDD9,0.357517213,0.01221499
5017_19_1,PRDX5,-0.586917301,7.30815e-4
2182_54_1,C4B,0.883341978,2.69e-8
9864_38_3,TTC1,-0.323707841,0.039159024
12018_84_3,TPK1,0.554147329,6.01231e-4
8389_8_3,LRRC74A,0.874908774,8.22e-7
2870_29_2,RAC1,-0.930485412,1.55e-7
8765_23_3,EFNB2,-1.078460538,5.87e-7
12490_92_3,LAMTOR3,0.530130811,0.007920431
11173_29_3,MILR1,0.478107072,0.004640075
3474_19_2,THBS1,-0.442562189,0.031889119
5723_4_3,INSL3,0.57850603,0.003797101
4245_80_2,MDM2,-0.422379056,5.85893e-4
7981_230_3,B3GALT6,0.686242204,3.04e-5
13230_174_3,NA,-0.715066868,3.37253e-4
5462_62_3,FCN3,-0.542164367,0.002391181
11614_29_3,ERH,0.501651823,0.008590402
10416_79_3,MT1F,0.780026978,3.16e-5
10580_14_3,SFTA2,-0.605581616,0.007487549
14115_34_3,ADM,0.784970669,1.33882e-4
9543_131_3,COG8,0.294347557,0.007505098
12693_2_3,SH3BGRL,0.618053956,5.89e-5
9513_9_3,FGF22,-0.518979672,0.014513395
6547_83_3,TMPRSS11D,0.496412673,0.004443986
12408_333_3,RAB22A,-0.950873228,3.37e-8
7960_53_3,POTEG,-0.336888998,0.002041819
3397_7_4,PTPN11,0.27335125,0.018689447
12818_159_3,SLC14A2,0.420122286,0.040300713
13097_11_3,BCL2L2,0.495348362,9.27e-5
5242_37_3,MAP2K4,0.595644854,7.91561e-4
8041_5_3,FNDC5,0.508349967,0.00204
6407_63_3,LAD1,-0.800854778,7.29e-7
12348_46_3,SARS2,0.689888414,0.005744807
5247_17_4,PPIA,0.626424275,0.006052726
13025_4_3,FRS2,0.367785375,0.022651271
10064_12_3,RBBP9,1.085238291,4.05e-7
14186_13_3,RFFL,0.589168872,0.001816105
5114_65_3,PRLR,-0.809425409,2.06e-5
8660_33_3,OLFML3,0.724075254,2.12453e-4
14009_65_3,TNFAIP3,0.820829746,4.63e-6
11430_49_3,DTX1,-0.791536942,3.76353e-4
7713_50_3,FMR1,-0.641212158,2.2524e-4
10361_25_3,OAS1,-0.383802313,0.039265242
6453_70_3,LILRB4,-0.579178683,3.84e-4
7136_107_3,HBE1,0.367915542,0.01178074
14645_253_3,GSTA4,0.602990299,3.55509e-4
4957_1_2,RPSA,0.460748726,0.009867055
7810_20_3,C1QTNF5,-1.092066064,4.77e-9
13942_140_3,SPSB1,-0.265697446,0.032708502
10663_42_3,INSIG1,-0.330319724,0.00727
4134_4_2,HBEGF,-1.004355517,1.64e-6
9032_30_3,ROS1,0.617811586,0.002449276
14078_69_3,XCL1,0.69375265,1.07e-5
12469_19_3,MAPRE1,0.917295006,3.01e-7
4428_1_2,CHST2,-0.329610602,0.022698603
12653_13_3,CSNK1G2,-0.471950098,0.039914432
6104_1_3,FGFRL1,0.514786848,1.94836e-4
5729_27_3,SOST,-0.843192626,1.08e-5
10938_13_3,CD58,0.645515127,4.61771e-4
12334_25_3,SHMT1,-0.495646373,0.005261351
13387_55_3,EHF,-0.475397653,0.00172
5358_3_3,OMD,0.417743675,0.021097731
10710_23_3,ZPBP2,-0.454079804,0.003735688
8390_25_3,COX7A1,-1.220998082,1.44e-10
3848_14_2,GAPDH,-0.356180081,0.006100548
11405_150_3,CARD9,0.448880544,3.96048e-4
14495_161_3,GDF11,-0.40659951,0.00461
8429_16_3,AXIN2,1.25529724,1.39e-6
12813_18_3,EHBP1,0.680715362,0.029689954
13441_30_3,DIXDC1,0.2586888,0.022651271
5437_63_3,FABP3,0.712441637,1.28e-5
13605_16_3,ANXA10,0.552771838,0.015731048
6387_61_3,DEFA5,-0.669326029,8.09493e-4
8097_77_3,LIPN,-0.471050043,0.038299083
2753_2_2,C1QB,0.587299122,2.48806e-4
10589_7_3,RAET1L,-0.535726636,0.00772046
12644_63_3,ADSS,0.363146272,0.015584505
11425_31_3,RUFY1,0.489325543,0.001074696
3808_76_2,FGFR2,-0.671559044,7.79e-5
11231_12_3,FDX1L,-0.81266983,4.92e-7
10959_125_3,BET1L,-0.468258556,0.039132121
3044_3_2,CCL18,-0.641711771,4.17e-7
11144_10_3,DEFB116,-0.352252757,0.04402374
8307_47_3,C11orf68,0.268511652,0.015279133
12980_31_3,RBM22,-0.576079928,0.00858
6941_11_3,SUMF1,0.335492564,0.006711217
14005_2_3,CHD7,-0.577703952,0.005646824
11170_9_3,FLNA,-1.009792413,3.47e-6
9841_197_3,PAICS,0.484782542,8.41541e-4
9380_2_3,PLA2G12B,0.566419446,9.73e-5
8066_38_3,SYT9,-0.640897753,0.008934679
8997_4_3,NPTXR,-0.887887562,5.49e-6
11562_9_3,POLE2,-0.429301667,0.016166138
8858_21_3,BATF3,-0.708144283,0.003259093
14587_16_3,GDF11,0.495750785,0.00151
5256_86_3,PDE5A,0.941104927,8.32e-7
12562_1_3,PKN1,0.501596294,0.011805723
12423_38_3,A1CF,0.765153505,1.08e-5
9242_11_3,BTC,-0.179184726,0.037413463
9372_157_3,MPZL2,0.646931143,0.001762265
10872_103_3,SCARA3,0.539466346,0.001197679
9753_17_3,EZR,0.284877536,0.033273304
3187_52_2,CRISP3,-0.685805509,0.00967
8064_125_3,PVR,0.546868383,0.016613093
5139_32_3,UNC5C,-0.260826324,0.0405
8040_9_3,LEMD1,0.788718823,2.5e-6
3055_54_2,IL4R,-0.753010842,1.44e-5
13043_157_3,ATAD2,-0.691265673,0.001290019
2945_25_1,ESR1,-0.538969365,0.027143334
8969_49_3,CD14,1.070414191,1.12e-12
12876_39_3,SPEF1,-0.759499179,3.01e-7
7773_20_3,KIR2DL2,0.630372001,8.27e-6
4420_7_2,ADAM12,0.346918551,0.005458223
5751_14_3,LETMD1,-0.878908615,1.77e-6
14023_84_3,IBSP,0.543799423,0.002687586
5752_63_3,SUSD3,-0.797151524,1.00374e-4
3730_81_2,TNFRSF4,0.340296435,0.0235
4179_57_3,YWHAB,0.664815476,3.76e-5
14674_63_3,PACSIN3,-0.433250056,0.034879816
13375_48_3,SYNGR3,-0.508063216,0.034096035
7880_9_3,PSMA1,0.497790531,8.16666e-4
8824_2_3,PSMD1,-0.533508339,0.001610599
9271_101_3,STIM1,0.455855616,0.002613096
5581_28_3,FGL1,-0.501331441,0.013261425
7122_31_3,LGR5,-0.680360271,6.36291e-4
2597_8_3,VEGFA,-1.090135556,2.27e-7
10451_11_3,NUCB1,-0.442681338,0.001802656
10876_300_3,BRAT1,0.664499772,3.76813e-4
13583_19_3,APAF1,0.230795922,0.02041094
4883_56_2,INS,0.335946808,0.042944157
9508_104_3,COLQ,-0.753830299,2.1e-6
4145_58_2,NTF3,-0.807302361,7.73e-6
13622_16_3,PPP2R5A,0.690563783,5.42e-5
11223_1_3,TMEM154,-0.699631038,1.88e-5
7881_244_3,PARP16,0.482719352,3.93727e-4
6463_59_3,QRFP,0.503013272,7.94423e-4
3341_33_4,ABL1,-0.683555577,2.51e-5
14122_132_3,ZNRF3,0.457919263,0.024962341
13268_45_3,WNT5A,1.414147223,1.46e-8
6533_20_3,DNASE2B,-0.527513136,0.003832404
12627_97_3,ATG7,0.241795356,0.038754926
6081_52_3,PCOLCE2,-0.581096651,2.01e-4
14135_3_3,RXFP1,-0.396997005,0.007920431
5970_61_3,LECT2,-0.455289038,0.00244627
3178_5_2,CTSC,0.256892433,0.031786379
7909_37_3,SHBG,-0.536135389,0.00226
8099_42_3,SPON2,-0.977186099,3.16e-6
5739_75_3,KRTDAP,0.555522485,3.76353e-4
9327_3_3,LYPD1,0.292734608,0.017005954
3284_75_1,BGN,-0.696710431,5.49e-6
5384_67_3,BRF1,0.195068188,0.03939937
11327_56_3,CLK2,0.70356797,3.15e-5
9051_13_3,IL32,0.376161429,0.001804255
4909_68_1,LGALS8,-0.645630265,2.19e-5
3832_51_1,PTK6,-0.578903651,0.008068909
10078_5_3,BAG3,1.066358193,4.37e-7
7196_21_3,IFNW1,0.840109747,8.59e-6
3381_24_2,LYN,-0.779406758,1.55e-5
11265_8_3,ALDH1A1,-0.518655556,6.39725e-4
5620_13_3,PAM,0.393769861,0.00208793
11383_41_3,KRT7,0.682067885,0.001070468
5100_53_3,SCARB2,-0.848902777,1.9e-5
9539_25_3,COL26A1,-0.7335326,0.003064771
13565_2_3,RBL2,-0.653297905,0.00275641
9566_103_3,LEPR,0.690478156,8.02e-5
4230_1_2,EIF4G2,0.961900819,6.32e-7
12855_16_3,CASS4,0.763746548,0.001777847
10895_28_3,TMPRSS11B,0.320737102,0.013969622
7763_25_3,CDH11,0.384122801,0.008934679
12077_32_3,MSTN,0.664232276,3.43e-5
3182_38_2,ENTPD1,0.472263863,0.00275641
9089_77_3,JPH3,-0.901797421,9.83e-8
8767_44_3,ECE1,0.549443996,7.13643e-4
3339_33_1,THBS2,-0.744423704,2.25e-6
9035_2_3,MXI1,-0.640830764,0.002628224
5482_61_3,RBP4,-0.822927819,8.52e-6
13712_104_3,GZMA,0.996273358,1.28e-7
9927_96_3,TNS4,0.562328169,0.003954692
