sampleid,New_pathway_2_score,New_pathway_3_score,New_pathway_6_score,New_pathway_11_score
S-181218-03143,-1.0406809813265767,0.9999273839457142,1.524331213078994,-1.4828540991075423
S-181218-03152,2.7605433193803424,-0.43300659272692255,4.0938850630647,0.8041824048400513
S-181218-06020,0.6561208343828198,0.44641079443394155,0.33908370629101175,0.3986936811379132
S-181218-06164,-0.29631128448620614,-0.14812257003413098,0.8565476688477034,-0.12796513387072886
S-181218-03521,-1.029921121169209,0.3733163921704017,0.6718264893382541,-0.6673877454443184
S-181218-05745,0.28185018618979346,-0.39362838286678903,1.3128989848012251,0.15461471732848492
S-181218-05746,-0.4791585368981658,-0.523321482482735,-0.4575560833669491,0.22490513297873757
S-181218-05752,3.262387818756573,1.5219762538015857,-5.37494141752458,1.3082177808248774
S-181218-05898,1.1298360695512053,1.6068966865353602,-2.4397000430997884,0.8623989432101001
S-181218-05899,1.3213976760752664,0.8308962070553834,-1.1591649764055136,0.811899660263217
S-181218-05904,3.2581926055407195,1.8040299072319725,-4.600307266262412,2.4231387547916197
S-181218-05905,3.4112290111968693,1.634147915063003,-1.974491479463387,2.1635608839909763
S-181218-05906,5.190268933672639,0.8959443508950057,-4.8044427209591065,2.8810129078430915
S-181218-05915,-3.881025262991526,-0.691859762017687,3.0278868423642544,-1.3854775293322015
S-181218-05916,-2.8799924744027563,0.5467380280105352,2.0826359565971004,-1.2491377106183355
S-181218-05917,-1.2950967493204664,0.5908978380588426,2.1948163619915473,0.6331257424100125
S-181218-05918,-1.1293709113875896,-0.07954668549675065,0.6931546979530165,0.18362636558332315
S-181218-05958,-6.4457792204983875,-1.0458663677252436,3.4437041260896355,-2.5919868003166036
S-181218-05983,-4.8274776703844475,-0.9912234830702236,9.512546122660874,-3.9689087972341044
S-181218-05984,-0.6166960779092578,-0.17283755878847712,1.179198762256353,-0.6515836397555502
S-181218-05988,-0.006341557514082594,0.3573708508173152,0.7325451231210611,-0.22445230926816268
S-181218-05987,-1.5343442668945757,-0.8878387184027119,0.3174779417204121,-1.3299101291480118
S-181218-06027,1.90649652525402,0.6399970832361848,-4.995773527295472,0.8792758721661903
S-181218-06028,0.6649422813436673,0.26774070914045717,-2.9169509273480454,0.16488312985075532
S-181218-06029,0.831869514668665,-0.023245055986622427,-1.992644977246462,0.21830281453686634
S-181218-06030,1.1349012177010736,0.14647033632629444,-2.0162260112317463,1.10760238802876
S-181218-06032,0.17582726616871858,-0.7374231477305937,0.22943697687898204,0.39057443794115565
S-181218-06038,-0.22359233068352183,-0.31134487199146316,3.132137355296081,-0.21973037016415914
S-181218-06039,1.0714781723640243,-0.006928386019389582,0.6785673708455879,-0.2754261122569794
S-181218-06047,-1.8505730071267779,-0.7834956233333538,1.3444598068587998,-0.6684208359230303
S-181218-06048,-2.674011834272184,-2.4676268428135057,6.475086867650955,-2.177071986517684
S-181218-06057,-4.576941886567103,-0.7851285552455419,2.854450668126083,-1.791029577353467
S-181218-06083,5.505296281241569,1.7075634839944653,-2.8275509201751943,1.4269817839863506
S-181218-06084,3.555847612854755,0.6710073600964125,-1.436091654815515,0.6720793306179904
S-181218-06085,4.132995671356499,0.694394730104955,-0.03488828246165923,0.5535416221748837
S-181218-06087,-0.3988325093277585,0.08966543836454237,-1.5345226918303194,0.5670138070695817
S-181218-06088,-0.5031908510324395,0.608749751496014,-2.711255981856713,0.8057574559295788
S-181218-06089,2.7121902961988624,0.9780846179310884,-4.554545811685397,0.678662423118861
S-181218-06091,-5.8343496988797074,-2.352270067959687,9.71202262318592,-2.3575329009801735
S-181218-06092,-1.6799505860505342,0.9877502593338691,0.20604273572025333,-0.14447285380706643
S-181218-06093,-0.2619719945453276,0.8464962165910429,-1.8379415105291514,0.37585532135809674
S-181218-06094,-2.2495639112556356,1.2619147164523106,7.963882037700219,-0.5233082255846017
S-181218-06095,-1.343820086410099,-0.9327030639136907,-1.4963764345594672,-0.9338479970797122
S-181218-06103,-1.8820231553245361,-0.13362768971758435,1.9863939728904934,-0.632039994918668
S-181218-06102,-2.412977249781918,0.7039325286332588,1.138703498295619,-0.8467471095942672
S-181218-06105,-4.356262519000391,0.46049251355331716,2.9274975661277645,-1.2354426868734036
S-181218-06106,-5.0184938018788,0.9940336699124039,3.2958199915989232,-1.113557662708712
S-181218-06107,-1.465967879321349,0.04296905599512474,1.847254352858846,-1.0713097879275033
S-181218-06108,0.26480598151216955,-0.9269679134283731,3.0054389993733017,0.022593157891031
S-181218-06114,2.687577895175472,-0.09884912299484652,-7.336337224711116,1.6840021657933057
S-181218-06128,-1.6864287640820794,-0.005140941651499892,1.2896384097424418,-1.44550984282166
S-181218-06138,2.7318462182333025,-1.1189044661015377,-0.3597798824920035,1.3274152580037029
S-181218-06137,3.040088343502781,-1.2042172934751818,0.105419503705942,0.7779428731961239
S-181218-06139,3.264673019817672,-1.039592290921464,-0.40778990901501677,0.6847712042557057
S-181218-06144,-4.6856201629570355,-1.650754786954192,7.4312043652660815,-3.583238405950614
S-181218-06145,-3.3994597791786365,-0.8725103579368199,2.303867368651936,-1.6911649996810472
S-181218-06159,1.9622053274684679,-0.4682792497367541,-2.3208770982470712,0.8514963708173799
S-181218-06160,1.1361131813721137,-0.598467922649694,-0.04463923094971938,0.4770830350280866
S-181218-06167,-0.26489600849292716,-0.6476166678238133,-0.6318183679901499,0.7084141432369919
S-181218-06170,1.3847513987334632,-0.20520615203899065,0.1756116077995577,0.6816953009845363
S-181218-06171,2.1870537456571153,0.21610224536178468,-4.783954653972945,1.381100074626188
S-181218-06174,0.9527691641742837,-0.31008366281226163,0.3878662982115088,-0.2529811602779354
S-181218-06176,2.3731687298076336,0.43485538131667045,-3.336531134122291,1.3398993839447075
S-181218-06179,-0.918857130378707,-0.6872223918855742,0.6523862593691163,0.008959158394031722
S-181218-06180,-2.1010587398155147,-0.32999413984309417,2.6443358863709694,-0.9273228847156643
S-181218-06183,2.971606893039392,-0.3447408636704959,-3.01612411054788,1.3122973248554015
S-181218-06190,-1.467036760770665,-0.334864162901856,1.8826074140179854,0.10327427100105799
S-181218-06198,2.8770888095558536,0.6571619621751028,-3.541181572766197,1.9021965546449024
S-181218-06218,1.7864341120191929,0.32385277443614857,-1.5802552297636154,-0.09988583002725457
S-181218-03137,1.0484425996779403,1.0614516778152627,0.7541730301595433,-0.3940783073584463
S-181218-03139,3.6528064034731704,0.5978663750370833,-2.8359293355425,2.2947917063292538
S-181218-03140,1.0019949341687497,0.08785058212816191,-0.24881908747051165,0.978454612726335
S-181218-03148,5.701483608707379,2.537182492997897,-3.4125181722955937,3.179548776328059
S-181218-03154,-1.405988410238521,0.38089344421187166,-0.6604116277360512,0.031869841693510204
S-181218-03155,-1.100980214804821,1.7331531150972534,-6.0930980154633065,-0.10972792483088875
S-181218-03156,-0.06789610848054552,0.7452234434303615,-5.308629739028726,1.136666466399378
S-181218-03157,-0.5438530661621276,1.4570993984900489,-1.1938149117477652,0.8256326986254661
S-181218-03153,0.19017722277307358,1.4236446734672432,-3.3051192219067693,1.2836103982621463
S-181218-03164,6.850926222591722,1.7882973104563613,-6.136218181978364,2.883368672563666
S-181218-03203,-0.9914919491597092,1.1999191265345113,-1.3218573644410516,-0.6378666494752401
S-181218-03209,-7.255393175655331,-1.76750974902111,5.048733921047548,-4.923038207375812
S-181218-03210,-2.8633365681063294,-0.11972380086850855,2.3075951810849906,-3.024198153415751
S-181218-03211,-3.473769698960921,-0.6079719955553612,-2.0369218361340873,-3.295633896831583
S-181218-03212,-3.5943310961813943,-1.5137956038153901,2.627286271697562,-4.193898863336502
S-181218-03213,-2.478371707328738,-0.5710511528168793,1.1218784849506394,-2.867985404303148
S-181218-03220,-6.786552079787079,-0.35454060234635093,1.4991572388435412,-2.9754751796995067
S-181218-03223,-8.157265811656814,-0.86720840963504775,15.80569444078122,-3.4099508480741627
S-181218-03227,-5.151275204618453,-1.5821958917344623,2.1612200296223834,-3.233084643125388
S-181218-03221,-4.370312953549769,0.6128587740940223,0.12202392149036703,-1.8378824937828708
S-181218-03222,-5.271396725538627,-0.7011987188029603,-0.7018290562674973,-2.720097663958019
S-181218-03224,-4.62987664133865,-1.6791419953863926,5.172514522394798,-2.4032544661467377
S-181218-03226,-5.846396086159978,-1.3728398064671337,6.463061944056497,-3.054142387805895
S-181218-03225,-2.879119850663414,-1.007643580579274,1.906703723395938,-1.0378926575568812
S-181218-03233,-2.4834294129976904,-0.07662297646960654,-0.6066750766840011,-1.4702473537986065
S-181218-03234,-1.6105323064960033,2.1936240153235067,-2.1177576839820302,-0.9864686663302973
S-181218-03235,-1.713239328578239,2.058892244415908,0.41720309401754263,-2.5544263884153677
S-181218-03250,0.5805368247154923,2.84993920239027,5.577615035572327,-0.42493503858301146
S-181218-03251,1.3006912356296483,0.2616626113273607,-1.831979027638965,0.9443598901516359
S-181218-03252,1.7156695686058883,1.8429028901936806,-4.378593643324657,0.038121887226717874
S-181218-03253,1.064585761297994,0.7007728740701029,-1.1482198443860598,0.56905548735104206
S-181218-03254,3.4234985366851927,2.6163858255784818,-3.2378290521773785,1.6799459093163303
S-181218-03255,1.2083658078611312,0.08192774626019549,-0.23104621512497556,0.15528877437664088
S-181218-03256,4.208471532555758,0.8234673640909973,-4.889320297881152,1.3842569679864287
S-181218-03257,5.8638135260755995,2.5645682746264176,-7.31441322168272,1.8037442510483852
S-181218-03258,3.327240441422959,1.0980981769053801,-5.184112173700541,0.7014866398366459
S-181218-03261,-2.5978537083230515,1.872293315188081,4.7587829817050675,-3.060347085482703
S-181218-03273,2.544737665836296,1.40309053403547,-3.3673490724193758,-0.8337000874005054
S-181218-03274,4.511331164079053,0.746364625170421,-4.620263902806866,-0.37982687827905115
S-181218-03275,2.710733305496024,0.46766433805129504,2.3625506169929777,-1.0389415382357656
S-181218-03276,5.225598942649003,1.949055211812668,-4.300576206715947,-1.1431368463133016
S-181218-03277,5.9809020307893075,1.3934818361616121,-3.9779652348329444,-0.13418613267143276
S-181218-03278,6.49553765279743,1.1117006809189498,-3.9273780118795405,-0.7856380481254478
S-181218-03299,-1.2853006244934435,-0.03834030375028523,-0.9163027405047619,-1.4417265361186467
S-181218-03300,-0.8088265312994575,-0.8167794892551017,-3.9358982171996004,-1.751830470054133
S-181218-03301,-0.2655482579390547,-0.6234207336595051,7.7413786567676155,-1.9230827378319946
S-181218-03302,1.0375781798872237,1.2803014528873593,-2.7620585732016654,-0.8644631410650249
S-181218-03303,3.365831048315347,2.2617176369194665,-5.20052560063177,-0.40445758988874375
S-181218-03319,1.265696515713687,2.8209626399134518,-5.897868429778317,0.05997375357057512
S-181218-03320,3.0027920160701465,1.2117719413737476,-5.209400269171839,2.3021318594487497
S-181218-03321,2.8325267357388833,1.445235352865995,-5.997530594955542,1.3464172654033715
S-181218-03322,1.8171661679886195,1.6875077524331539,-5.158379607217886,1.1696616305025658
S-181218-03323,2.839800315848544,1.9622201368802945,-5.823216108494709,1.7764364857150516
S-181218-03342,8.802501032094508,0.9479715772561202,-6.153517627417992,3.394234042527639
S-181218-03343,9.510367335053932,-0.1713412791899005,-8.133088341537244,4.382149757064021
S-181218-03344,11.770971157263546,1.2473805840423635,-10.122296258788786,4.696568993641782
S-181218-03348,-5.37249241901483,-1.4205222430068045,3.0726595974314543,-1.7379903278477526
S-181218-03359,-0.21075811930068547,2.497652352492901,-0.9139307574764399,-1.5405091469037795
S-181218-03360,2.249023880952588,2.0109569195920924,-4.019397239703663,0.7709518130868735
S-181218-03377,5.34418350298568,2.140245040384654,-0.45845340962131464,0.8528051660846657
S-181218-03379,11.049387414248256,3.691027189517988,-10.341713420199879,3.5232961195168597
S-181218-03378,3.953846099434437,2.9610181586816724,-4.951595875334332,1.4182814913549178
S-181218-03385,-2.416350477138526,0.3858236624239635,1.2894116684777641,-2.4270716266572836
S-181218-03386,-2.547557762349926,-1.135149103062419,0.9646544322802907,-1.9165704876263443
S-181218-03387,-4.339730397184475,-0.9673670507565957,2.8822119916764053,-2.8664594376678454
S-181218-03388,-5.2855132880210665,-1.9516377508819975,3.63216611381308,-3.667400302512134
S-181218-03389,2.207936761970971,1.6512498791958516,-4.764526748614747,-1.4211302585795618
S-181218-03390,3.0157858843993632,2.0973652629619486,-4.323197373097043,0.05038461902484619
S-181218-03391,2.9236042116763903,1.0806938985581387,-3.610302637700922,0.5288662003863988
S-181218-03393,3.938207039981247,1.067821958214379,-2.74691581604307,0.2941181278429592
S-181218-03392,4.56728725078512,3.162464016685969,-1.4692931222844217,0.9269214643287034
S-181218-03394,0.8009023721870749,1.943829809136811,-0.34899611405451764,-1.0940709489996803
S-181218-03403,1.1463434249248436,1.841618843325274,-4.013672503642566,-0.10261272306096496
S-181218-03404,0.8259819918180652,-0.18014814559899778,-3.9418600972227895,-0.01152957565404801
S-181218-03405,0.15276257204246618,0.07366594021153935,-0.9755712243219244,-0.6149423913306142
S-181218-03408,-6.5332411642651005,-0.9042518549903312,1.406686782326838,-4.503709654248824
S-181218-03413,6.488458864153789,0.5914029132502413,-2.8279236415147952,-1.8711517907306994
S-181218-03414,7.674911998483014,-0.2211200741303574,-3.837603657542454,-0.28051989312320935
S-181218-03415,8.392541070993946,-0.6108210190925107,-2.172673272628263,0.3503902908519966
S-181218-03418,-3.315634305918418,-0.8176708664894088,6.9431525690914295,-2.6236500732925254
S-181218-03419,3.895399611224275,3.5200456369530735,-5.513556663576482,-0.10416893985070858
S-181218-03420,5.355493409318949,2.412743691953926,-12.720092436573973,1.777135124658301
S-181218-03422,5.060100093607251,2.65632425006345,-2.7688368470877434,0.8048433960919305
S-181218-03421,5.376214358000058,2.958391959102669,-4.73491071167846,0.4947786052703749
S-181218-03426,-0.4670553554220089,-0.9093178822765959,-0.9617244614016254,-0.11532898108620614
S-181218-03434,0.8913048721100016,0.4273047921298677,1.0964363064879723,0.0635177885953544
S-181218-03435,1.934737072597569,-0.3149665273785738,-1.43724801825127,2.3762077528509984
S-181218-03436,3.161541818107331,-0.08815040019217023,-1.0624050288217122,2.4500489899770646
S-181218-03437,5.549438841881917,0.11632055865683508,-3.8580346825762355,4.059547727088812
S-181218-03452,-0.14797135968278302,2.111144540433682,-0.5035655349573207,-0.5075244656253068
S-181218-03453,0.2570883386711833,0.9120408503428443,2.795380620125943,-0.019348539471298408
S-181218-03457,-1.2368274694385168,-0.3531132876086299,2.9929850100167577,-1.5965359725401804
S-181218-03458,-2.2069178056075693,0.4693955272810143,3.7613865879621318,-2.2123260415396238
S-181218-03456,-1.7497253450182049,0.8294651106259974,-1.1022155210407498,-1.6261488283272376
S-181218-03467,-0.5716601678307084,1.8307756795024348,1.9895290204857536,1.0015530554278864
S-181218-03468,-0.22285062584906878,-1.2123955507243105,-1.0251190527318348,1.6304078045760253
S-181218-03469,-1.4209498857712233,0.02638468672448291,-3.6870160286580993,0.44216337485505675
S-181218-03470,0.8247116935856198,-0.490725330107864,-4.290660731529716,1.4700102983402292
S-181218-03471,-2.170445443646517,0.20414578521209328,-0.21831399523657868,-0.8324262156635353
S-181218-03484,2.566494862410837,2.0765850057493207,0.905573649641749,0.9557637732380448
S-181218-03485,3.1190151598819087,1.8210056795948124,-3.7305191625102716,2.208150523948568
S-181218-03486,4.055631516788978,0.004145319352600746,-2.5226899881206784,2.9691896194334304
S-181218-03487,3.897820546046435,0.14952826572199693,-2.8928450650627098,2.863890457716487
S-181218-03488,-6.959984722038611,-0.7143203102045883,12.669539285698178,-5.820799902407911
S-181218-03491,-3.004693115780892,1.354920496024408,4.273920130020962,-2.114878049311411
S-181218-03507,0.9063481094604188,1.0183970147112282,-2.167506737873022,-1.8601410712364865
S-181218-03508,3.174712188839238,0.3402371228722231,-5.143746087878733,-0.6054267189673946
S-181218-03509,3.281347067161367,-0.3024881451873488,-2.5502731775020053,-0.5676539601294265
S-181218-03510,1.6040114550766746,0.31643454125102666,-2.521342013082481,-1.1011573002005266
S-181218-03525,-4.461487217608113,-0.37805822871339334,-0.1108174447427788,-1.1108932953991602
S-181218-03526,-0.11996955123281508,0.9790660907823833,3.1015926341490805,-0.8921210870323741
S-181218-03527,-0.4666519004783173,0.33894999985866625,-0.009591740938766205,-0.6455695046302821
S-181218-03528,1.7396372919008949,-0.22303941491304868,1.880280637297292,0.44069825097748794
S-181218-03529,0.06304112364019249,0.17123193407132292,-2.557254699317058,-0.4139923971943275
S-181218-03530,0.6113950202996353,-0.3431273153789188,-3.6794503981226296,-0.5598449333721476
S-181218-03531,-8.433494930689468,-0.6637269913625621,17.632406068736728,-4.438878869439854
S-181218-03542,1.3184370027127763,0.7158710455525762,-1.2914618961242583,0.2500291090064957
S-181218-03541,1.4040272460879724,1.324974397897588,-2.499243147486395,0.6621673476356367
S-181218-03548,3.0803106102447786,1.7079360186308061,-0.4946722900329862,2.7525579133435674
S-181218-03549,7.056147091234194,2.329675592386248,-5.05761216711853,4.667528602838906
S-181218-03550,6.370931073004078,3.141943655180282,-4.969543657312715,3.277678872127617
S-181218-03551,8.2996910738993,3.7592797872157138,-10.370291848309899,4.912531469719646
S-181218-03552,7.7461966329546055,2.5911595563667786,-7.784802709118832,4.633294343390859
S-181218-03554,-0.0688865671952693,0.4839912770614852,-2.0755091440296236,0.1347364325835486
S-181218-03555,1.9444882346657957,3.6566806134382244,-4.840060169325041,0.7263098358999779
S-181218-03556,0.6219990105453551,1.1662647814412193,1.2837458014589314,0.5795526982428428
S-181218-03557,1.0928966280989767,0.06668408881199568,-3.3702830125249315,1.2223131633029696
S-181218-03562,0.5342888236718479,0.3922345582214085,-2.7528674436770677,0.19522300417166302
S-181218-03571,0.34764003885673755,-0.2965204019598271,2.249015232692431,-1.1930162182850204
S-181218-03572,-5.135825701853587,-1.5380322205866785,1.700927239187564,-1.9496915987858385
S-181218-03588,-1.1446418618041347,0.7197018965550472,-2.3833583058532417,-2.001787933512259
S-181218-03589,2.6778721203833022,1.4829846049424784,-2.057805056686849,-1.0779019073776883
S-181218-03590,1.1986271144396836,0.6452829353275361,-1.7566691911205705,-1.137509053863869
S-181218-03591,9.261304811655195,3.681596115349337,-9.961743259206163,5.576184491511423
S-181218-03592,7.737735247498083,2.1626971255547733,-10.077984944006735,5.014997967571557
S-181218-03593,7.973982525241254,4.107119086816116,-7.26095817160735,5.072605469157648
S-181218-03594,6.511361192978432,3.9977095758311236,-5.602760459359425,4.261111971585846
S-181218-03595,-2.3064487015355404,2.3572699034098465,16.27362577263043,0.12113623336019061
S-181218-03596,7.449130008273723,3.3779226404810827,-11.12593894284228,5.127943505776088
S-181218-03600,4.934108228517799,3.6021860128011527,-6.81194519163485,1.9859381522909976
S-181218-03601,6.671735323678323,3.4567851511108074,-5.897204646824496,2.6341816567031033
S-181218-03602,6.072954884828529,1.5995333043992617,-7.516222958572542,2.1218659546565424
S-181218-03604,2.426584070472738,0.22431248028525952,-6.300567619707443,-0.4977073600435058
S-181218-03605,-0.36388000426387407,1.7926544483511035,-2.579767396083164,1.065203962616738
S-181218-03606,-0.5588245607843785,1.3031675787796329,-2.9894266393118762,0.7099892915967259
S-181218-03642,-4.531254005765244,0.31372510517844,0.39429438415063467,-3.5670235176377063
S-181218-03652,3.9221960828478184,0.6159538321355776,-2.3935618849795466,2.2476770727590503
S-181218-03653,4.063219990368529,1.075835684642403,-6.465426805336321,2.4081010145323916
S-181218-03654,3.0938315733317756,1.183962102130845,-5.851083458955626,1.7712087295008159
S-181218-03655,2.6663486562074974,0.5499767589839943,-4.960305902895588,1.727430316885825
S-181218-03656,6.547504874040698,1.9688658455000836,-3.1830455580268247,1.6721450288664412
S-181218-03657,2.821939369790607,1.4485733404627035,-2.471453012368019,1.0447468619161424
S-181218-03660,-2.072454278538756,-1.8813620190152363,5.019556435833837,-1.531149306041052
S-181218-03661,0.7665492286127574,-0.550674721247022,-1.517517019416853,-0.5772708338040717
S-181218-03662,1.6107041163342966,-0.7872054085427922,-2.0300527461713793,0.543335408346707
S-181218-03672,-0.7648601154450279,-0.12188469990659917,-1.8515630881596334,0.5656646266405349
S-181218-03673,-0.9863288154098246,0.6973738778714169,0.7342015758626379,-0.28985628508582634
S-181218-03674,-2.5698104150756755,-0.7578196107113311,2.583207518475656,-0.9777964431895819
S-181218-03671,-2.3170157253139845,-0.950191319952725,3.9741818097841772,-1.1154205757452331
S-181218-03675,-0.08893916669974847,0.9720258055272473,0.470213511728963,0.6295536271475783
S-181218-03676,-0.26330450298809416,0.33871089426017703,0.17144938276836436,0.5044418900056191
S-181218-03679,-1.629828503489358,0.17631885099086858,3.58642687487244,0.6005832324883678
S-181218-03680,-2.39835009684952,0.5590331765325312,1.6720475062303353,0.29882080713668135
S-181218-03681,-2.620953291669025,-0.42080547957635106,8.835309271198698,0.20425238796422246
S-181218-03682,-1.2254422309173332,0.9420187660809329,3.6892079327987863,0.7370633454268344
S-181218-03683,-1.2117186727890978,-0.013801747067145084,2.373069892585033,0.8581091866155751
S-181218-03687,3.5829061938487263,1.7376283191853772,-6.380360557981874,1.5387594819838626
S-181218-03688,2.6530563278345785,1.2733052016077457,-4.265639851719574,1.6095766477957323
S-181218-03689,2.10431168947326,1.7451344100015216,-3.8522756382973977,0.6129688773651616
S-181218-03690,3.0828549317137823,1.57386220061478,-3.9873825653539012,1.6694259143894428
S-181218-03691,3.443947545923071,2.4380077644881295,-4.125392189081115,1.4744618599887402
S-181218-03694,-0.6634591264588933,3.0118372649264735,-2.0991808913714567,-2.0955314322917777
S-181218-03695,-0.13609059989282177,1.276153509057806,-0.22086526796439787,-0.31680528918189665
S-181218-03696,1.4939978163095509,1.2583848114183311,-4.082982715036427,0.14066132122381392
S-181218-03693,0.5682481619519865,0.8820130253577203,-2.017989170314542,0.09784229031498219
S-181218-03714,0.5252761895854403,0.6000233390754124,6.518484237147851,-0.3639088129454506
S-181218-03715,1.4057187573544683,0.5578520750577731,-0.43784414993276083,-0.03823704175674504
S-181218-03716,2.0562909748308518,1.1951046483528605,-3.70679623889641,0.2858047195398089
S-181218-03717,1.4320987046838172,0.5093148495269408,-1.0988684050776332,0.32133378796371315
S-181218-03722,-0.8535206412189652,0.39768602356384347,1.424456314437741,0.3149938518305859
S-181218-03723,2.09495011700665,1.873566959579861,-4.703614141368509,1.7915732414857213
S-181218-03724,1.9307945505837703,1.6525386605461636,-2.374040660552216,1.5760556831953503
S-181218-03726,3.903295280371818,2.6401949321718083,-1.03052703997826,2.0051364831111482
S-181218-03728,1.7725684863408158,2.8280658824012015,-2.2019479283618937,0.9314780945412375
S-181218-03729,2.4747708155701873,2.167345670332264,-1.0365565613569894,1.7591688504380507
S-181218-03740,-1.4712292351750356,-1.9673576338706573,1.125781569198737,-3.176738211331854
S-181218-03744,-1.8066996001235085,0.23698797026411977,-3.587908153057397,-0.24323361765666202
S-181218-03745,-0.4454005462849423,0.8980386032561818,-1.610779933771008,0.9415278691411089
S-181218-03746,0.9226770593208609,0.8011978867654245,0.31038034868848585,0.06998895830618386
S-181218-03747,-0.674999380852433,-0.6957877918368522,0.1297060695950847,-0.9806469532983382
S-181218-03748,0.7589365807259814,-0.8267586210721591,-0.6461596844062045,-0.1038573329852281
S-181218-03749,-0.36780041697212407,-1.3266449194501562,1.8663952534588804,-1.1848996612276042
S-181218-03751,0.17882147571019982,1.4705939825479044,-0.3287913314980982,0.030085664276705962
S-181218-03752,2.6178981204870166,1.3818864456178825,-8.888376132417028,0.2850668964401635
S-181218-03753,-4.036466104857854,-0.6455885046107286,3.834747040836384,-1.5608272108529089
S-181218-03754,-3.0453037938231255,0.5939854235585943,2.4929145202229863,-1.445441087661575
S-181218-03755,-3.943449908922078,0.07264018281594267,4.49520217238069,-1.8730130397206644
S-181218-03761,4.8829082663701415,0.938240574244362,-5.487174187977472,2.938824225987238
S-181218-03762,5.295802418319084,3.1546145025840793,-6.533984380009256,2.440921131781871
S-181218-03763,5.6299951894260225,3.124465677430023,-6.273572873318059,3.0509975204941413
S-181218-03764,4.913176424388139,1.1576663710563224,0.059164446494614026,2.9413375567840654
S-181218-03766,1.6941474192699817,0.08321852120474944,-3.1047585991785933,2.159446368008075
S-181218-03767,3.1780915633421296,1.6562020042423513,-4.098543328598357,2.7965181347648973
S-181218-03768,2.9039085206773034,0.5758375647514191,-2.6738296977792837,3.0754815452846773
S-181218-03769,-1.2738342623594778,-0.295013218078982,0.9829934497414315,0.8596749077517619
S-181218-03770,-1.1933189913308657,-0.09476294982150418,-0.9491902408132418,0.925267807673765
S-181218-03771,-1.951255475942142,-0.21145901248998994,0.8858123428407565,0.1481069514637215
S-181218-03772,-2.6654422460059464,-0.5813105014919883,9.733326790100612,-1.6790648015036234
S-181218-03773,3.2230144113683203,1.9917635337992636,-4.264431330655385,1.4490686439455336
S-181218-03775,-0.9782668776365271,0.43539593816323713,-1.6424243266902105,0.08973516246486393
S-181218-03784,2.4041893304308988,-0.04340845006630545,0.4480187718544661,1.1639574656175784
S-181218-03785,2.31961512258469,0.7408470034060187,-1.8020749685420139,1.3029133135231408
S-181218-03786,2.451552979056726,0.2113077351947526,0.9695203165185992,1.1698767529691232
S-181218-03787,1.849968982541875,0.24826069856932287,-0.6395697931429656,0.27175293059888356
S-181218-03788,1.695253513241516,-0.5151662386775675,6.0960631228550115,-0.101436490665883
S-181218-03783,3.0918737249765584,1.8730414892180907,-1.0782498219870693,1.0625495586991025
S-181218-03801,-1.720916507940689,-0.5870694301800484,1.0376297087267927,-2.6225036096506713
S-181218-03804,4.536960005424765,-0.5514874401509202,-3.5764800306027866,2.5088102247329265
S-181218-03805,6.452603592474088,2.8574634203833953,-7.881661178871019,3.6195450230271207
S-181218-03803,6.414733980486634,1.2922670644685212,-6.04594692245478,3.1330892468006053
S-181218-03806,5.975679485567909,2.2103776623158717,-10.411572464001415,2.9947675394756494
S-181218-03812,3.357371484474918,1.8535653879350336,-0.7609063680984905,1.9421382393108229
S-181218-03813,3.3226841781633425,2.724673058557488,-2.0951217918132494,2.0656411799339547
S-181218-03814,4.8640226935602,2.844684994781096,-2.068560329521031,2.8022477217209367
S-181218-03815,4.211108984967022,1.588981231394416,-2.3894124716256093,2.429316160786997
S-181218-03816,3.6920632199607075,1.297004865433792,-1.6959772348116362,2.2611254957503992
S-181218-03823,4.0880694269664,1.1444992344418896,-3.717451923637433,-0.0840086398879532
S-181218-03824,4.64810031266864,1.7358899543214936,-2.816987463778948,-0.2766770917475362
S-181218-03825,3.6089085609597076,1.3698919543778172,-1.903258318918633,-0.6626346557061592
S-181218-03836,2.6051162596406217,1.7457130147781414,-2.7492299384041057,0.49745369663091726
S-181218-03837,1.6517941383706116,1.6667218862908042,-2.2808463021590906,0.07761875765451053
S-181218-03838,1.7494044298853366,1.5628223653101794,-2.375418287476129,0.34814998610803727
S-181218-03839,-2.749043533064351,1.21078928942058,16.12675490742909,-2.437041129998267
S-181218-03840,4.702801125607979,1.9066873748960376,-0.6870936269251433,1.4528083434034824
S-181218-03841,2.7006976548136867,2.040273537584748,-2.238830675005927,-0.17035016312660875
S-181218-03848,0.3272241720948724,-0.18682859396943902,0.8740427689866889,1.5694642264960676
S-181218-03849,0.2693193858713176,0.7551846184284626,-0.18565982093972144,3.040448945146042
S-181218-03850,1.540631989038456,1.7718669288162683,-4.728635249638174,2.8829476937366163
S-181218-03851,1.7449855485251797,1.4778300333351098,-4.739878398827512,3.359880970058186
S-181218-03852,1.0314181316963489,2.5058065995542345,-7.4532109483790885,2.97848119272814
S-181218-03866,1.692956836868246,-0.8393719343125459,0.8232638193935913,0.13314876182293167
S-181218-03867,3.8136851142205734,1.6572429157054087,-3.7753409243083764,1.1180923337421744
S-181218-03868,1.49670196525549,-0.8969110357313568,0.24211172239538847,0.2729063047160811
S-181218-03869,2.385971596214054,-0.7679333703919142,0.08714989232179826,0.5325976002169452
S-181218-03870,0.3758370744499705,-0.12731832891145936,3.5951446212428175,-0.6938772023129017
S-181218-03872,3.164160614150749,0.8664040737607399,-3.6201317867759357,3.1294226534418517
S-181218-03873,6.232094133879927,0.9025707765154571,-1.5151381676227138,3.8859197203652536
S-181218-03874,4.439131067811914,1.380294417959326,-6.642509446234523,3.336672996878899
S-181218-03875,2.632079094663074,-0.23412194567875186,-7.405368772541218,2.149262122374188
S-181218-03882,-0.02724448405453228,-1.9861158971466528,0.28693051384063906,0.4741251438889812
S-181218-03893,-6.897051507218761,-2.5222445890452585,8.788053582806047,-2.4409934516477665
S-181218-03894,-5.945723238549978,-2.806278922015526,8.964082107508638,-1.9259483208834416
S-181218-03895,-5.5043099421729895,-1.4875962799949702,3.6621794833521806,-1.3724445236016312
S-181218-03896,-7.543494691450903,-2.7266870843395257,12.073507067167267,-3.026230190628005
S-181218-03903,-1.9884488647445453,-0.12293893637994718,0.6705227858384809,-0.5724693481349041
S-181218-05730,-0.7062181382336646,2.316825501476587,-2.321834035169252,0.688461448466478
S-181218-05731,-0.17803014367490844,0.9353652587831681,1.019409608029965,0.500497630364057
S-181218-03902,-0.535536814843917,1.8521527628022436,-3.121185096690614,0.4893406086511711
S-181218-05732,0.9027648227964225,1.2314844362107642,-1.2300672221207103,1.1087383445757881
S-181218-05734,0.8573457452585216,2.853145926704856,-1.9082360527759947,-0.5409910699058986
S-181218-05736,1.3953286674947925,2.047916855893452,-4.227285787584524,1.8403877715033112
S-181218-05737,-0.5674511407683913,0.7725840170000601,-3.7758353800987243,1.2143816086026364
S-181218-05738,-0.180883999325887,0.08767055571738477,-2.1147516942936,1.604484118063848
S-181218-05739,0.40937346393334767,0.1155266629346701,0.691027856601506,1.8959062142654257
S-181218-05740,-0.73580981988506,1.064205297888355,-0.808279010542521,0.593996099896956
S-181218-05741,2.1333946667654304,1.4061169366824153,-2.6557928953780015,-0.5758387910875512
S-181218-05743,2.334341627653721,3.348335351438487,-0.3260284832130494,-0.6697479016173831
S-181218-05753,-0.37415387591532023,-0.5208722247528875,-2.2024701988995603,-0.4184736901507493
S-181218-05754,-2.233045798678263,0.33725508272302107,2.163221422556085,-1.1136632576994132
S-181218-05755,-1.220461372440744,1.0981891987901946,-3.086167148532289,-0.03733568034516302
S-181218-05756,1.3946102853623954,2.887251344895301,-3.4541675646912657,0.5955602289037385
S-181218-05757,1.5711195145484376,1.272137536486707,-3.1732776446748354,-0.09683766924020297
S-181218-05758,0.7341633085611491,2.0256790695617344,-2.7562670876964117,-0.35664389954798137
S-181218-05759,1.23636019864837,1.3811496687350555,-2.343844744427575,-0.6241514851219295
S-181218-05760,0.23385259208916934,0.09922227453399987,-1.2803666939029386,-1.211079384448949
S-181218-05761,1.165022096483764,1.2955139950566084,-3.6821851509237757,-0.8748410065806498
S-181218-05826,0.11782763769704413,1.121112542666249,-3.7557046604610567,0.3156948367186898
S-181218-05827,1.293266039760533,0.8890193557107033,-6.4583577092441145,0.15208125448473003
S-181218-05825,-1.5223960358817,1.5784080331655084,-1.6922015759696725,-0.5625711345825479
S-181218-05900,4.216500714373774,0.9133467915146509,6.807419906023222,0.13904654321131116
S-181218-05901,7.957219443577317,0.6703647471918329,-8.083368756337395,0.9208099724441594
S-181218-05902,6.092348785553744,1.181950977590484,-1.4673728487832993,1.386038396260105
S-181218-05903,-1.144936307171344,0.15887668349985293,15.141848000040373,-1.4374112215207453
S-181218-05907,4.3534794039256495,1.9396470947856557,-3.9088654909163885,0.05318198276219657
S-181218-05908,2.526560118729821,0.34049096281302754,0.7608220503628464,0.5285557283822625
S-181218-05909,4.386241691082798,1.4607897100362568,-5.452521720439485,1.8643213423780782
S-181218-05910,3.67745865063602,1.4934984779581024,-3.0473293430447406,1.288798654578497
S-181218-05911,2.6558449141193625,1.064467984257679,-5.847405200643379,-0.20632827807183762
S-181218-05919,7.138331776564704,3.2066055122030366,-7.376877321494165,2.1922538336387047
S-181218-05920,6.862666238775195,2.8163351468896547,-7.815052480257886,0.9108201599988495
S-181218-05921,8.420784093115767,4.596248803270113,-7.494967601676036,2.7295486880494457
S-181218-05922,9.345892673885059,3.565579004455532,-8.329978143499368,3.225312054719603
S-181218-05923,2.2136202416707556,1.9092026741071666,-4.516186656227968,0.9935243026945052
S-181218-05924,-3.8654985984424237,-0.5631620986033435,13.507184073353688,-1.403255074152697
S-181218-05925,2.1863005760760434,0.8208723821354925,-5.186737931299097,2.1965247755199617
S-181218-05926,0.9057274621015482,0.8956912755018094,-2.576148967146563,1.3147342499839645
S-181218-05927,1.7758913795952296,0.4894323051399698,-1.6501571656274234,2.1020124712909065
S-181218-05933,-0.43961131686657584,1.5172746696389245,-6.45450911264741,0.48195201691636125
S-181218-05934,-2.0906532975506105,-0.48145822017784057,2.821368137566174,-0.7119256521693795
S-181218-05935,-1.5690688029767796,0.8793818113592723,0.7642724502073407,-0.7268083901115422
S-181218-05938,-2.4312515800834333,-0.3984224928611394,0.7126468420837574,-0.06628132387247504
S-181218-05939,-3.0453258010511868,0.20085930216134093,1.8863722154416116,-0.030928095486761523
S-181218-05940,-1.5572436069778537,0.2992841811445536,2.3316221164000157,0.09681738232890619
S-181218-05941,-2.6013148519179494,-0.23532786037160003,0.17446803028373298,-0.09498050232271209
S-181218-05943,0.7582590792177921,0.9891058947746099,-3.3050159452036927,-1.074213722969192
S-181218-05944,0.49740177942463615,1.6100822774219254,1.3673898296388594,-1.119156899814253
S-181218-05945,-6.357050315014915,-1.607906294190025,16.294705299806278,-2.9553002299241724
S-181218-05946,2.0064585734078233,0.6152883873058483,-5.387566356583695,0.9064455456483741
S-181218-05947,0.501078500417489,0.7698711781837435,5.526648373193363,0.4342546332969405
S-181218-05948,2.1054162858996572,0.5729612741187209,-2.7123423382865606,1.1364920462980765
S-181218-05949,12.286574491636333,3.7017040481993995,-17.69124623483063,3.806538814056993
S-181218-05951,5.191655088922165,2.456221122360874,-9.59674491369265,3.3300617738181932
S-181218-05952,5.16028704694824,3.072122464576375,-10.016008925602241,3.6497929217413736
S-181218-05953,4.1165921218467405,3.406649128870077,-8.094065399083389,2.7776566296346075
S-181218-05963,2.78251300529876,2.1961888001176972,-6.322171364964043,2.4840860064022587
S-181218-05964,1.0899113132597091,0.5401717870092555,1.5647682443618638,0.6860398166860548
S-181218-05965,3.950401774266416,1.5497233151495333,-6.072741511437956,2.4179882142161513
S-181218-05966,3.750708667842087,0.7522714987798664,-3.9345169274642426,1.5879101348480182
S-181218-05967,2.227287686938758,1.3399414126281473,-3.0123433568960727,1.4616040261604801
S-181218-05968,1.5114548237793688,2.007874857567809,-1.6023837869686282,1.0699788623692084
S-181218-05969,2.5205747043623883,3.7812247307967626,-5.9483268856493154,1.4134954814093055
S-181218-05970,2.85666938926176,3.1886096561425643,-7.82180016382951,1.843225516382253
S-181218-05971,8.556085188268565,2.0997335316439645,-8.610898014312498,3.815787733125945
S-181218-05972,9.156267402192558,2.9389015232819617,-10.871784147521804,2.7801804927935954
S-181218-05973,8.39612248632427,2.4115589531109736,-10.969821090574797,3.016346070064939
S-181218-05974,6.675571766928819,0.5824723404263076,-8.585169452212233,1.84056301012723
S-181218-05975,1.3195630187318768,0.3235203624209332,-2.563110545851605,-0.376759793188687
S-181218-05976,-2.697687504471612,-0.07922131794952225,1.8199035094042713,-1.640672894716274
S-181218-06004,-2.3376680501192126,1.0847944490400279,0.23610967914830228,-0.09469201904966826
S-181218-06005,-0.10458564481172994,2.060337376566458,-2.0520927217494096,1.0266356547346294
S-181218-06006,-0.9403100637029549,2.4782843316726453,-3.3537073080522983,0.7985170695036999
S-181218-06007,-2.434616974857967,-0.7033275250014611,-1.3010205377845667,-0.04675109578602784
S-181218-06011,-2.983265231348931,3.5026714381644086,-2.6704466288840014,-2.5861389178398704
S-181218-06012,-4.275942070934672,0.36251950071449585,-1.097708219645501,-2.64410450977937
S-181218-06013,-2.6973956901831677,1.0365774745583085,-4.087320399689436,-1.9517944856904283
S-181218-06021,2.2221282376809577,0.3715534224743443,-5.255897983860977,1.9062196141672492
S-181218-06022,4.45217283946998,3.1496827043508486,-7.767135532264306,2.3784220985980533
S-181218-06023,4.199062075930882,1.027765884309226,-7.444274069405769,2.514700800804555
S-181218-06049,1.998703182086005,0.4742829398009491,0.4920034244836753,0.762651557044763
S-181218-06050,2.722338390741369,1.388507556146931,-3.1229525326468117,1.493612357285154
S-181218-06051,2.5808966389518084,2.6775023234902555,-2.936884113045902,1.1455252621172487
S-181218-06052,4.2530743776696,1.5236819541123432,-3.601779754930678,1.9221233644736677
S-181218-06053,3.0157214858036436,1.1500198111604671,-6.197884895704528,0.675459917810552
S-181218-06054,-1.0654721055493244,2.085074414678162,-1.1983970978867948,-0.0650086402162456
S-181218-06055,0.5633653829062132,3.4049259457830208,-2.845479092927874,0.7822621676990403
S-181218-06056,0.9190628048927256,2.0347963692317492,-2.9933978139750104,1.0101503964167806
S-181218-06058,1.6369834357224937,2.168988464236467,-6.861658706399512,1.036996248330615
S-181218-06059,2.4125605926005176,2.0081644904972205,-3.5541206264714376,1.5560405540769735
S-181218-06070,0.8513870904254327,0.7757887315168569,-3.4747976735461603,-0.43576099283473635
S-181218-06109,2.9038622064769832,0.11389735685108215,-3.2620815063210387,2.6050491155393924
S-181218-06111,3.2682206723846243,1.1784153176019436,-3.7585813863222373,3.0345656108289107
S-181218-06112,4.075689317452311,1.7539412778895191,-5.723059600933691,3.194519837604659
S-181218-06110,5.102894448915979,1.136588177142842,-4.668113596793832,4.313862566189118
S-181218-06117,-3.930153270394647,2.8731968096150653,3.678080943554269,-0.8263420035543675
S-181218-06118,-2.9223075547965665,0.26536531147368847,0.6952941967598414,-0.006022074111588699
S-181218-06116,-2.8914253536068077,0.1998161908882799,5.471451432288567,0.0102368530208546
S-181218-06120,2.496067709455768,1.3458982022820658,-3.363356741766319,0.27455725122879815
S-181218-06121,0.5913563671897992,0.6304679761201513,-2.290601555011129,-0.2645054889676767
S-181218-06122,4.409024951887431,0.49821178722848686,-1.607806890102495,1.1310390489888171
S-181218-06123,2.2548219605827455,1.2469503314570343,-5.071559295523225,0.19250591624181135
S-181218-06130,3.630618257042483,0.0518379018232389,-3.295321807952717,0.7308085014502139
S-181218-06131,2.7445561467875885,1.160506829792643,-3.6210819255850044,0.8140154844049721
S-181218-06132,3.45704438604246,1.3341946007569676,-3.870722699178965,0.63883045655628
S-181218-06133,4.609406831679781,1.8981109427385037,-6.410735249658014,1.3277154831493339
S-181218-06149,2.749780426484732,3.7150282634155194,-6.712612430585481,1.7291730381141783
S-181218-06150,-1.5101816626250466,-0.6224711924629247,1.0500279438746734,0.3050651290765582
S-181218-06151,-0.24446412083435415,0.36409819353124706,-0.996098407136868,1.2685394327745148
S-181218-06152,-1.5505536096433385,0.6235515677720267,-2.9681172904014783,0.2832267298786636
S-181218-06155,1.3809669901248465,1.092373701349855,1.1034242436680315,-2.0408105015549562
S-181218-06166,-0.5234816870077202,1.2110635031379606,0.9184295863324254,0.4612110546050026
S-181218-06168,2.1220056320799405,0.6682994148663359,-0.4729379615092618,-0.4195345542839392
S-181218-06181,-0.5712332124891748,0.08350936208995,2.2634418266599696,-0.18791341676703946
S-181218-06182,0.4592657975171429,0.6538408114549923,-1.6678811651354193,0.3834607189430515
S-181218-06230,1.5041612537584184,-0.40520504353111114,-3.181549514307681,-2.21691973421052
S-181218-06233,-3.1532628639249882,0.03233276036477163,1.5615304542816675,-1.2091127637043328
S-181218-03136,1.7624328204534019,0.009221636273677981,-6.132388313802182,-1.1584045684751865
S-181218-03138,-4.620707016183556,-1.606621509563314,6.63787053431206,-3.8167884634790505
S-181218-03141,-8.76910267610581,-1.7616914422657155,13.779661803987098,-5.941712612987856
S-181218-03142,-3.050547079047207,-1.1254225020205473,2.8422944561281174,-0.4832819980264884
S-181218-05783,-2.4518236031899776,-0.4160637555685882,0.01078701402847565,-0.8819562525174384
S-181218-03160,1.5896955144204497,1.9321410054815797,-0.4613306592225345,0.5058796470582169
S-181218-03163,-0.5606756039419314,0.20135728924832888,1.6266791492414434,-0.9263940519355439
S-181218-03169,-3.0553925382439764,0.4093984897976279,-3.8287497831593247,-4.057162929382005
S-181218-03170,-12.48256743929422,-1.9018914722855615,9.172000427355794,-6.078410327441759
S-181218-03179,-5.787895762999705,-2.125040849960738,5.471004299506844,-2.127184461351729
S-181218-03181,1.3781479457213208,0.8756889362118501,1.7959869573802842,0.0675660403982272
S-181218-03185,-1.5850827423161409,-0.7192921399782649,1.5883617484808856,-1.4407852533262115
S-181218-03186,-3.3369422305427654,-0.08552160318860935,4.79086960916359,-1.6145976530594572
S-181218-03188,-0.7704247891215343,-0.8554735157180813,1.201389180854691,-0.9781120698468685
S-181218-03187,-2.7644386760279915,0.009874610636048844,-1.146575154131627,-1.7125346338848353
S-181218-03189,1.03186410610965,1.9474224590468456,-1.7965936329197467,0.7548043265856029
S-181218-03190,-2.4145893676260735,-0.2068220561036496,5.142530964736398,-2.562622264630841
S-181218-03192,1.9085989546568423,0.4685197146465605,-4.150843296040735,1.6992018926239434
S-181218-03193,3.3723813322409266,3.609661816119046,-6.540763168931575,2.6984752471613223
S-181218-03195,4.002632045247629,3.0277965629552215,-10.53432967104586,2.003493341298767
S-181218-03196,4.811382967675292,4.65341479370611,-10.426185053914775,2.409001388192814
S-181218-03197,7.0098003160824565,4.255163502405681,-8.228326032507466,2.2883110726688827
S-181218-03198,-1.1249170780372872,-0.44354663230441393,-0.5939089484386165,-0.2939422908279356
S-181218-03201,-1.6364248822586693,-0.4495551552284879,1.6849294950250302,-2.3518194683580487
S-181218-03200,-3.9405870490907535,-0.8138491531834569,2.6595254610868264,-2.0503153845886204
S-181218-03205,1.9413120465690592,1.7307396201523004,-2.6647992523148925,1.8831350670938185
S-181218-03204,-0.988544375624718,-0.5120531745969239,-1.2818366618173958,-0.2952568337257061
S-181218-03206,0.8929349545241587,-0.48120227732322307,0.5650683583870566,-0.4943760571548909
S-181218-03208,2.7687801445968825,2.1510569637154395,0.23729678959768835,2.21535352808608
S-181218-03215,1.2060035329533556,1.080068636232332,-2.9088426652628154,1.0814249944204237
S-181218-03217,1.2151043988297874,-0.06444462420500802,2.1967469160226694,0.9345185146888354
S-181218-03228,-2.7256813875718193,0.5977146373798443,0.028254472888256,-1.1806766922602383
S-181218-03230,0.5445638631565534,1.4732502398612792,-1.3926525436474473,1.190916591486513
S-181218-03231,-0.10972679199592533,0.30042209744532716,-3.562809746414929,0.12604783273680886
S-181218-03232,-2.391326336328812,-2.3742601890553403,-0.04816470719119572,-1.045654652964737
S-181218-03238,0.8348072207596406,0.6248080913537345,-2.0576040696991997,-0.6846542215314989
S-181218-03247,1.9578094394401446,0.042101680746695375,-5.89168237956517,0.5679708342698454
S-181218-03248,1.8783863687462579,0.3908338050175469,-3.2182500718689986,0.8864696754936033
S-181218-03270,-5.610725220906076,-0.179042076912837,12.665946027588877,-1.5149901448061895
S-181218-03271,-0.407736925096429,0.6779917864081202,-0.36774125018148873,-1.0566315201394085
S-181218-03272,0.9664181108721283,0.4384193631078582,-0.2786759031692849,-1.341912037666992
S-181218-03279,2.203261886316748,1.740095378101103,-2.5880820001302665,-0.09614474413726098
S-181218-03280,0.5035972816965751,1.867501525357932,-3.635840855017443,-0.5693292850376341
S-181218-03281,0.09802577181377148,-0.6096112200120699,-2.368484540728959,-0.4062155245189128
S-181218-03282,1.1195479261036152,-0.40912693461353705,0.6025411579447731,-0.26264440947660034
S-181218-03292,-3.2741491894536643,-0.941817783417802,2.06334917981592,-1.8996218495237998
S-181218-03293,-0.3175717075985562,-0.10272062269363866,3.8747435694964394,-1.692008866624763
S-181218-03294,1.653511909834514,1.73318721991071,-2.22211766636872,0.5952909841138576
S-181218-03295,-1.6673508923869866,0.9073727393459126,3.3577803825820536,0.639138973935393
S-181218-03296,-1.415940402520149,1.310417063905612,-2.2510004441822273,0.5138519150292716
S-181218-03297,-0.4237995015980525,0.771381983914835,-2.5680829891471277,0.9480776265871542
S-181218-03298,-1.5013854853115003,2.206807580651207,-4.744392363305085,0.7870088889477641
S-181218-03313,-4.271098716880921,-0.2958924838891308,2.6101036518730445,-2.023882299786557
S-181218-03314,-3.0879209224184203,0.5902269135648033,5.304860956363802,-1.9640156526976684
S-181218-03315,-3.9191174256203416,-1.6912469330340367,0.9998647735130295,-2.2722521051745135
S-181218-03316,-3.923332897396397,-1.0818590735293907,3.858934661840018,-1.7353095586847016
S-181218-03325,-0.030189258078998065,1.9546537281553142,-4.304939961421788,-0.06463277330913841
S-181218-03326,1.7664504458068333,2.1853974778169927,-3.1301274238483274,0.5688771083662069
S-181218-03324,-1.9290308332968449,0.6662593516529183,-0.005152859643155733,-1.3457990712883927
S-181218-03329,-1.874103259714843,-0.9068753498769152,1.2272812505360062,-0.8627253209358765
S-181218-03330,-1.8228349622376918,0.17661966030072257,-3.776658029414768,0.8415301964092866
S-181218-03333,-0.16377496956769438,1.6265081439305282,1.087904465659607,0.409615736886198
S-181218-03334,-2.4205843570138863,0.005773395825293451,4.809042066450565,-0.8624284625994381
S-181218-03335,-1.4425023917358106,-0.9315219226934541,1.0566766232490639,-0.6504136253647748
S-181218-03336,-0.6076704203380001,-2.772663505803545,3.9919397044012013,-2.4877147068279797
S-181218-03339,-1.1835703064540508,0.08058431485827697,-1.42973712140859,0.5974932244977337
S-181218-03340,0.7009916203636802,0.3576036868301597,0.575484759119084,-1.3745331126039053
S-181218-03341,4.371856321474128,1.5790913386997183,-0.4407098005387492,0.39881291737187863
S-181218-03345,-0.75088872360532255,2.0110956728182745,-1.2802401394767209,-0.1721079419525125
S-181218-03349,-1.6022946115704875,1.5150507970911271,-0.06039636397700243,-1.9165835102795359
S-181218-03350,-0.5420223173424354,2.3619477347167046,-0.6783165757335184,-2.3958662218883675
S-181218-03351,1.292342200260327,0.7194801533647845,0.6923299207879112,-0.25870271207370815
S-181218-03352,0.7109589047293432,0.48544763497548904,-0.11225010392365561,-0.530083945151849
S-181218-03354,-4.158565982016546,0.04237627111857961,3.9440113522967413,-3.346244741521001
S-181218-03355,-5.7693893714188,-0.7876120381700982,7.351771843754702,-2.751946876291845
S-181218-03356,0.8754424059277591,1.6318567558712744,1.5217798835607212,-2.2273172770586642
S-181218-03357,-0.1702702795940345,1.1034413474041402,0.5865300613826068,-1.790860877596123
S-181218-03358,-2.138457741309451,-1.8809382354796997,5.875998079582865,-2.816711759917084
S-181218-03366,2.714252267582284,0.3756933113526262,-0.36416766586578986,1.1350072125091886
S-181218-03370,4.870218856557223,0.09043747593627603,-2.053293958829223,1.197107598159085
S-181218-03371,-4.376276729893729,0.24764700237516413,0.9510218847886587,-3.1226978841576525
S-181218-03372,-2.5937699116746935,-6.745244930712255e-4,0.08567983363848483,-1.674738567604869
S-181218-03373,-1.7893324959859576,0.2593307903179613,-1.5489722851925702,-1.003064453485639
S-181218-03376,0.37546034556783225,3.2433602700678703,-4.0578617740894645,-1.7584804840708692
S-181218-03381,4.328263964929512,1.9537167073174073,-3.4156741357901987,2.701847868595905
S-181218-03382,3.541707546481444,1.4578391893058555,-5.293557629465369,2.6927702350921687
S-181218-03383,4.310221266239186,0.9615832686376609,-4.566231398992212,2.5011595055559144
S-181218-03395,-3.0488476163952387,-0.5536899606797535,3.334214059274673,-1.6235898761510579
S-181218-03397,-6.312200381114504,-0.3870153490830227,4.089014158717213,-3.1766435290166903
S-181218-03409,2.1793162883991712,2.110765721095573,-2.6204229159755035,-0.5759185367823823
S-181218-03410,2.338961717644557,-0.6728386425818651,1.4311696084981678,1.520237303589101
S-181218-03411,-2.361933043537487,-0.6727255856142416,3.2144146043934434,-1.7557420008462992
S-181218-03412,2.627731657776417,-0.7743611631935579,-4.196915366160844,1.1559007844493172
S-181218-03417,3.9629582180383185,0.5074175406817956,-2.6928293785405524,2.735843896782527
S-181218-03416,3.514655815478991,4.1465538075430715,-6.859323251756381,1.0164219146580336
S-181218-03425,-3.0189940410266685,0.660869016365251,2.949646050390428,-2.90132051030837
S-181218-03427,-3.208458440594607,-0.20719535552951807,-0.7792665580038899,-2.673797936632683
S-181218-03428,-2.6564645743361086,-0.8261220180326286,1.8474543113040929,-1.326738873080887
S-181218-03429,-1.4567030811253479,-1.6054382682470907,4.003626916889166,-0.6066902767589762
S-181218-03430,-1.501696836600985,-1.7718931738019352,4.864542677580838,-1.0006322754955712
S-181218-03431,-4.2121170875891965,-1.4729610243147166,8.805738664770274,-2.0737993643116632
S-181218-03432,2.230992370034983,2.0624109100142727,-7.032536400805642,0.943439473931242
S-181218-03440,-2.4931822029832222,0.3762795020485351,1.9553680229372514,-2.5871804525984174
S-181218-03441,-6.0705263008703705,-2.648829465741834,6.9245630831725595,-3.28224082552741
S-181218-03442,-1.1115982965285665,-0.578467553432147,3.2197496292773398,-0.989734579351567
S-181218-03445,0.5948296802954007,-0.22581285827743192,-1.994985667637497,-1.7335074603386356
S-181218-03446,1.6540992863029993,-0.08152137124171571,-0.3576528597552591,0.007942458859197062
S-181218-03448,-3.777460488165355,-0.8233033425776535,11.287087845589339,-0.9296678639212584
S-181218-03449,3.167289509409643,1.3941701964520206,-3.108143687202309,1.1995772296935479
S-181218-03450,-0.6670406989729007,1.9788271132413249,-4.4116463928527825,0.8054251349395702
S-181218-03462,-4.9457316204053985,-0.37843665963981965,-0.4922123431564273,-3.2028228352369705
S-181218-03463,0.13293938103690742,0.9263747083032726,1.4913739859069868,-2.424399333098326
S-181218-03464,2.6955590006577936,0.72717102659634,-0.3344056845152222,-0.18615923979221832
S-181218-03465,0.10831009884012913,-1.6193938833206147,0.5010300726625523,0.1621654118829317
S-181218-03483,0.9048105098879429,-0.32342737232838276,2.113124038725689,-1.464471627106515
S-181218-03492,-3.888704969876181,1.1583915253793942,-0.3110854887789758,-3.6845466314071222
S-181218-03493,-3.0067200059401435,-0.5566817948627423,0.996909074125225,-3.1537463152006233
S-181218-03494,-5.282707061752187,0.21905023490429013,9.023892018968434,-5.117652928314458
S-181218-03495,0.6379536391697153,-1.369838208823818,-0.5910635861625171,-0.9818233528180391
S-181218-03497,-0.8486895321801146,-0.6701411851815653,-1.1560401771353612,-0.42313377085231163
S-181218-03498,-3.4183949798919695,0.5701894601565911,0.6777162955425287,-2.316993610985218
S-181218-03496,-5.512077034015347,-0.3748269597932409,0.24368922752651206,-2.8325821359358705
S-181218-03511,-0.04969854586584123,-0.4700489388902168,0.9141893183412166,0.17019948065065563
S-181218-03512,4.003419214936341,0.6131128301552554,-2.7465341819344933,2.78211218867476
S-181218-03533,3.8563659801800845,2.8201553791885985,-5.995358588192895,2.657250327023671
S-181218-03534,0.6133002184851852,-0.20660826400993626,-1.0788827566229984,0.5009300425357247
S-181218-03536,4.497880010268345,1.6783285961714167,-4.917844600018863,2.4297441686494894
S-181218-03535,5.386561395908436,3.0663969085713134,-7.156597378143714,3.3203880906695433
S-181218-03539,-0.5650580652458902,-0.7357785532896007,-0.9766185395080148,-0.25336080674257516
S-181218-03553,1.4643465902398236,-0.9494454978679471,-1.3027683922187125,0.7322216993823448
S-181218-03558,-2.1199810848838245,-0.35128945365864983,2.474041080876606,-0.9521956497522477
S-181218-03559,0.5934802286934786,0.26530626506567506,-3.102989602394401,-0.42347930357234354
S-181218-03560,1.3214204180459284,-1.080276639112094,-0.29727097454206697,-0.24932054335129827
S-181218-03561,1.5726469550792725,-0.40796917060927623,1.5633055839475456,-0.7512646267008671
S-181218-03563,2.0987632470744195,0.17860261230315844,-4.93865909243721,1.9830244000087829
S-181218-03599,-2.3154565762494497,-0.9696865486185267,-1.9642202360206338,0.504838570312294
S-181218-03598,-1.5749928941939697,0.0020031769999375726,2.185053004227657,0.8549271740523352
S-181218-03609,-1.0262466743505294,-1.219311339092007,1.446459771796233,-0.6995085460273219
S-181218-03610,-1.952408674911632,-0.38784272256958013,2.2990662007433,-1.2769470724372916
S-181218-03608,-1.254283725078039,-0.6124163681536585,2.432524430307554,-1.204379493813381
S-181218-03629,4.426364763610094,0.4637325759593661,-3.2622422695544735,1.0471652553189987
S-181218-03631,5.886752567545089,-0.15323394830806708,-5.380202050136041,1.5625645580380532
S-181218-03632,4.80666436334552,0.748311709703846,-0.9598799690282549,0.6133897470678771
S-181218-03630,5.257342984408583,0.048963729082532104,0.4145694360257062,1.4706659868352032
S-181218-03638,3.8386867958945903,2.7611246048581712,-5.687284595003088,2.1440557096152544
S-181218-03639,3.0928539933806474,0.22685736656063965,-3.117860955504304,1.949168601596352
S-181218-03640,4.8565737191417515,0.5674563505337888,-5.598457937067273,2.853745964445838
S-181218-03677,0.8270818862277471,-0.5002948584992041,0.004614322661887868,0.7130026143064949
S-181218-03684,-0.6707523736308834,-1.0810981391490644,-0.8510899635038629,-0.6335871512770956
S-181218-03686,1.8463306275765106,0.03669972284331129,4.024655846925659,0.1128082080009128
S-181218-03685,2.257517104683723,-0.3288915651421853,-0.3857055445479671,0.24301390744375867
S-181218-03697,1.229439114181642,0.5839563782137029,-2.224860407351832,-1.1726820118530559
S-181218-03701,0.35614766728875463,0.3362675437941958,0.8074597187600301,0.055462156528691825
S-181218-03702,0.05414774273883263,0.6645693259617296,-3.767898607883019,-0.2594813031286223
S-181218-03703,-0.24606440851371786,-0.12164817905004406,-4.377072207360785,-0.46248269968940087
S-181218-03704,2.108662086173613,0.17817656013193453,1.3297291672092628,-0.5162927231419082
S-181218-03705,-1.6127203393658027,0.5785942370712746,0.5057269538609026,-0.2831106816839879
S-181218-03706,2.6902377177364682,0.013705173935725089,-1.1514854608756804,1.069442004785041
S-181218-03709,-1.1776198617804452,-0.6273648382556263,-0.07498210048542872,-0.3032692575645305
S-181218-03718,2.507699563749025,-0.9935231937193474,-2.783173772285764,2.6523998138235725
S-181218-03731,-0.26890364144577583,-0.667891042125532,1.0195189496496517,-0.37244385887603376
S-181218-03732,-0.6490799647385057,-0.8946123865414356,-3.0748096482512786,-1.1020782827631561
S-181218-03730,-2.5866128575771765,-1.9048461366113059,11.99408258310116,-1.2785598451332354
S-181218-03733,-3.0746498764733654,-0.6693954196736485,1.3446193445944978,-1.3182856881514717
S-181218-03735,-0.1716205248512942,-0.5837110928839866,-0.4118762271228206,-0.03881241625578243
S-181218-03734,-2.5628756646867212,-1.5853194297879005,3.716978694965231,-1.2532529808659698
S-181218-03750,4.922365534692107,0.6238451231500551,0.4567369848437174,1.266980895543015
S-181218-03776,-1.6401825463305633,-1.5497409154102917,2.835279794899277,-2.4826294719488815
S-181218-03794,-7.180801325472266,-2.2580028263489966,10.756765544070774,-3.9288289345721137
S-181218-03822,0.33357909433299765,-0.753043124650018,3.518593656693116,0.9729385364739099
S-181218-03833,-1.9911245019614994,-1.571681053438798,5.028560764296366,-1.3867050486468837
S-181218-03834,1.6333666654709278,-0.31126239550804236,-2.474831644932147,0.5742684330422312
S-181218-03855,-2.2950840811167,0.6436780929883188,1.305604996043053,-0.016131715141052168
S-181218-03856,-0.8228818753701908,-1.4646387129595222,3.2528907546665624,-0.3714210794486167
S-181218-03881,0.2538804357774633,-1.0393651567595397,1.220786913438476,1.0888782261967436
S-181218-03885,-4.11601115942175,-0.894098442487568,2.641543062703298,-1.926239358042386
S-181218-03890,1.704893566845659,1.0339192708113067,-1.7706825449090633,0.4901055716779439
S-181218-05765,0.1678739813043501,-0.5451231496806171,0.9384692697493947,-0.06850836805962535
S-181218-05766,1.606206721444832,-0.03883140126921622,-1.8326567438894064,1.1539106438778177
S-181218-05767,3.190640826773998,0.5568832379844104,-2.7805317431899477,1.502363152025754
S-181218-05768,0.5853660565499358,-0.029232819054413633,-2.298672601421305,-0.9402977945126881
S-181218-05769,0.6893932790948986,0.79197516708774085,-2.7157773267855343,-0.35356213330484226
S-181218-05770,0.8416752465053999,-1.1950549108521096,-2.1456208012607676,-0.5345569137798238
S-181218-05771,2.5924713369850143,0.9067019680831071,-3.187266031512118,0.1592245972527679
S-181218-05772,-3.7808484278108123,-1.378233647521335,7.034328969053794,-2.3290818944368152
S-181218-05774,-2.8286695388473717,0.41174944413721526,3.8495790996592403,-1.8605514450799239
S-181218-05773,-3.6125808331898566,-1.2706224881845793,1.085154108361436,-2.5428026963997565
S-181218-05775,-1.207485406521302,-1.4429001096507237,3.7235788945400565,-0.9739240749231897
S-181218-05776,-0.5385319188332769,-1.2726624555260457,4.885770145472061,-0.04046786717974207
S-181218-05777,-3.1653839277962867,-1.0208371951527229,3.532544284162239,-2.0531631767838365
S-181218-05779,5.2111804739707654,-0.3372833482488462,-6.117859919739967,0.8792138426992314
S-181218-05781,4.887827502999943,1.0615204089151504,-4.6653652272102315,0.535794018470586
S-181218-05780,5.0462391582481425,1.4378659592388632,-5.326148979216933,0.8296711001262516
S-181218-05782,6.448088572698444,0.2700220308303394,-2.822438957720344,0.9695869489253391
S-181218-05784,5.807449276481316,0.021227094938730387,-3.860670328716975,1.0476097362030394
S-181218-05785,5.38013182785874,0.8022467655055514,-4.050639285646718,0.5474033302249359
S-181218-05786,2.2553571453769403,0.7229379833724863,-0.4237219743252395,0.31402235895406894
S-181218-05787,3.523388026936088,0.5768262884858973,-1.0450534648756813,0.3232888804026154
S-181218-05788,4.497452307015719,2.3561001828132775,-6.733362572925136,0.9424691950751982
S-181218-05789,-6.149893516436067,-1.1617241289844216,3.504654698085323,-3.3043839300241884
S-181218-05791,-6.557707990016545,-0.6050203141302517,10.037971020845399,-3.2194936892254225
S-181218-05790,-3.9200143075297476,-0.26004056025875644,4.584804538934639,-2.4604849668576185
S-181218-05792,-5.416254670548531,0.20740405833659933,5.281192497369136,-2.652886405156036
S-181218-05793,-4.485813900234779,-0.13783657034905164,4.414413481191687,-2.2315865123937115
S-181218-05795,1.0479463666923992,0.9729245909477846,-3.405895365625688,0.49023779257764744
S-181218-05796,-4.131907876666054,-0.7819349223635785,3.6988228258513627,-2.031690870497925
S-181218-05797,-1.8375985298375939,0.5832395979696166,-2.5190722507457783,-0.3368881888200182
S-181218-05798,1.4178386847188837,0.3026519196461925,-1.010127710730816,0.3389120030642256
S-181218-05799,-9.754303746261675,-0.5137262740753405,17.77977888101407,-5.441639172696112
S-181218-05800,0.8350715377697511,0.7866674923832327,0.22221915686974952,-1.0980314209423523
S-181218-05801,0.7791314654384744,1.939078990070167,-1.6453148284184005,-0.6046623312720527
S-181218-05803,1.4235953487995237,2.022709726246002,-1.6279216053091203,-0.5370356413712547
S-181218-05802,-5.132436797868479,1.8975066617722953,15.780840657426225,-3.528622735453272
S-181218-05804,2.9287769894245166,1.1509270636615956,2.5240399109077654,-0.6391459318220816
S-181218-05805,1.8912820763562923,0.1811007722636852,-0.5667907381753235,-0.8602022066213473
S-181218-05806,2.2555564365538427,1.0843473706705933,3.2064631353138036,-0.19806736515884543
S-181218-05807,3.8851948010552584,2.8580206548618494,4.227772282943489,-0.135041824832551
S-181218-05808,2.0223466052050854,1.8175269598917014,0.6001267998363979,-0.6154845236753339
S-181218-05812,-1.1105449158672516,-0.9959996101112671,4.009729636896081,-0.39812575561140673
S-181218-05813,-2.052042869003446,0.13937745584346048,3.371270238248585,-1.444438801956234
S-181218-05814,-2.56793731894882,-0.8512071403838026,-0.2625232133415686,-0.8555017179068822
S-181218-05815,-4.355102996269455,-0.6303340414153424,5.298046303137618,-1.3997984214448183
S-181218-05816,1.3217981715202227,0.8447539581198156,-0.01515655662436069,2.0016750597711694
S-181218-05817,1.5321628463772106,0.8744440806504045,-3.904588788338734,1.807128646826314
S-181218-05818,0.7136672828530642,0.5413490674328263,0.028202820104095395,-0.016289284950505106
S-181218-05819,1.1237131675388747,0.29641640140684106,4.533973412909742,-0.30628357574975235
S-181218-05820,-1.244504377040259,-0.9801707533983967,3.71705139851831,-0.7373310061718632
S-181218-05821,-2.551935947086805,-0.4857265974535099,2.165237898210238,-1.072751055019396
S-181218-05822,-14.531031929033333,-0.18080596763577084,17.96631956037509,-6.725172845623287
S-181218-05823,-3.453869992831631,-0.19670440725100202,4.372252130268052,-0.6358780955794003
S-181218-05824,9.161069196943231,1.7107559120350901,-4.607791757666638,1.032953359479462
S-181218-05832,-3.972399382220999,0.07193303408522167,7.205019348375912,-3.479375999859997
S-181218-05834,-1.0841488312396772,0.5635771244984487,1.4308789698787039,-1.3611581400549382
S-181218-05833,-2.5213793714833006,-0.16682817249307924,-0.38088858294481776,-2.1781412182098667
S-181218-05835,-1.333577048804241,3.8988428931375236,-1.936855822278061,-5.221203310076811
S-181218-05836,-0.9366605317846819,-0.46777083061184116,0.46354151742126903,-2.135768123303062
S-181218-05837,1.7807479359491085,1.6741910522299421,-4.609698510249202,1.5901331815664943
S-181218-05838,1.254544857808563,0.7656701423191073,-5.29314316168706,0.5705666468755807
S-181218-05840,4.366982966489092,2.3358428918382415,-7.5812101675562396,2.394453333604875
S-181218-05839,3.7894554536132583,1.1456912024338917,-5.148287954767825,2.0940528963201044
S-181218-05841,-3.440659068470869,-0.11387807561011402,2.3109128458652335,-0.3535659617103831
S-181218-05842,-2.8231361983846486,-0.8802851838843642,6.437836966396782,-0.36110839725138505
S-181218-05843,-2.6743038911962675,0.11114039286888444,2.2579058788629465,-0.5310016949540469
S-181218-05846,0.3020944165953556,0.1312548925626394,0.010961192445648582,0.041016749582945995
S-181218-05847,0.2788585159032526,0.34754064223643477,-0.7163525510734804,-0.07713302129663328
S-181218-05845,0.025945282808064976,-1.289633416650055,-0.5000696717082802,0.24861157020804975
S-181218-05848,2.040182778421322,0.0832890166319286,-3.870033000074269,0.5666235391617703
S-181218-05850,1.7420755239231254,0.8273067308065123,-2.881372037194693,0.09746985326699173
S-181218-05849,2.9953867124223676,0.5918978619432228,-4.673474988923601,0.5172016458296643
S-181218-05852,5.08466993823369,0.5475235779431367,-7.9295745234269495,2.108734802680655
S-181218-05853,5.179753804012265,1.6257690498773083,-8.017309281466071,2.327015638206606
S-181218-05851,-0.8248765730590356,1.8676770027235212,-3.275051518798147,-0.696267011887553
S-181218-05854,-0.324213653022589,0.674448250825991,-4.264178967680572,0.7089502407325757
S-181218-05855,0.3689170620583351,0.7292069703216639,-5.309909067558409,1.5390390636224167
S-181218-05860,3.570693255344506,2.7550156811064697,-2.1718566938419643,-0.042134921041213726
S-181218-05863,-2.612810838005847,0.08887382440471103,-1.4210816838113687,-2.2958360624502876
S-181218-05864,-1.5748593650755411,1.1002635044956823,-2.85821463679514,-1.932814903356224
S-181218-05872,0.274097682440039,-0.5320315511294047,-1.7270206840173818,-0.17976090088921656
S-181218-05875,0.26547135255520954,-0.524255105748491,-0.9178932683992153,-0.7350106458619944
S-181218-05874,2.530411993905144,-0.4089887442349521,-3.680016560680949,1.0695696735870657
S-181218-05873,0.5600952480204633,-1.2975185883078195,5.585471074117531,-0.11832949547272678
S-181218-05876,0.5235423702759712,-1.1088932051044535,-2.582964996042368,1.5807555637228157
S-181218-05878,-0.6781635416374352,-0.008571395532985072,-0.8680777862410421,1.231953532586585
S-181218-05877,0.833385623001947,-0.26794710056280446,-3.863428777509693,1.9480690645882885
S-181218-05879,-0.5921884243784427,0.9328997794133278,0.7944261364530263,0.07904542116533038
S-181218-05881,-1.0691831993312684,-0.019099612023191596,-1.843970400230892,0.04736056470590137
S-181218-05882,-1.2435354040690854,-0.3818313305500302,-4.47213098502079,-0.055491158460492775
S-181218-05880,-1.2094705546093387,0.018012017964039014,-0.9245096906080199,0.04739717074605368
S-181218-05883,1.2867856367392807,0.8618426518424402,-0.679379595639229,1.5612092499879984
S-181218-05884,-1.915419944194939,-0.7274075260202676,1.9604524143199569,-0.18602074553487008
S-181218-05888,0.522409620234978,2.0767340480701018,-2.584455113062104,0.4771705102959673
S-181218-05885,-0.757510952842776,0.25942011968697753,-1.5434444779708518,-0.40484702881761464
S-181218-05886,1.0364676870794511,1.2345553346794655,-0.8334956087478405,1.573584615038416
S-181218-05887,0.23811050624688007,1.1922937421910098,-2.808242405198979,0.7736423232562946
S-181218-05889,-3.9728807092530065,-0.7875665833048462,2.1924526558153126,-0.7314838849759582
S-181218-05890,-2.2679869638568455,-1.177008488631254,2.499418198104138,-0.060593871212072
S-181218-05961,4.350880791836058,1.0280609125417302,-0.7799884372627435,0.7056830425730536
S-181218-06000,-1.9050143554084535,0.40797826280385374,-1.5763430752092322,-1.0814376631211249
S-181218-06002,-0.17824542429684664,0.6213603669609005,-0.1421155566670776,0.5069673459413528
S-181218-06001,0.5370714067515521,1.2972197163665031,-4.847962925080021,0.9864317956967262
S-181218-06003,0.00851233728894224,1.7574985677974695,-4.368410531015516,0.6599701860978671
S-181218-06009,-6.47092555611324,-0.3780732505261416,2.8650006098088103,-3.4627057248991884
S-181218-06010,-6.5880974695594805,-0.5347173307481168,4.264636700765831,-2.661566188183296
S-181218-06016,0.018993269189669815,0.2985180931573369,-2.9637084546380126,0.6102067915853497
S-181218-06033,-5.2638926616875565,-1.5628246893805793,7.44524103005592,-2.0041738894306476
S-181218-06035,-2.4720983410970514,-0.2802822152071816,1.301120341123901,-0.1207360517737122
S-181218-06036,-3.165712112297571,1.1757838017009963,2.4237241500517044,-0.9657653483034311
S-181218-06034,-3.4901523226130045,-0.20704612146974208,0.010917685756941242,-0.50433389266755
S-181218-06040,-0.2895601423175226,1.0763279351862427,-5.552421009648747,-0.054017698709834604
S-181218-06041,-1.5380071266513236,1.4371018798171422,-0.8951371872388609,-0.9809688538777981
S-181218-06042,-0.43435561591828,0.22888403344427477,-0.7702115594712097,-0.4857280881089258
S-181218-06044,0.06390071214104119,-0.7551191381755193,-2.597863910551778,0.1621678186072487
S-181218-06043,-0.6324147219509729,-0.7319271025506536,0.6148283607357391,-0.696123896284
S-181218-06066,-1.0013443087802487,0.5062440009933967,1.3482611374770428,0.905102091949041
S-181218-06067,-1.270712530940518,3.5383747188083485,0.9529073428876598,-0.20668841730456106
S-181218-06068,-5.759439768240622,-0.9938426741291482,7.451554147374961,-2.5184833405646283
S-181218-06076,-6.238171287345606,-0.6414951623914248,3.0132625539021194,-3.524339148384347
S-181218-06077,-4.898121590937762,-1.539086028105388,2.788362585751115,-2.1852544760290935
S-181218-06078,-6.069842747047696,-1.9297755280113413,4.099560996290079,-3.204128274220038
S-181218-06098,-5.889019627421062,-1.0415480188670265,5.991004991735097,-3.352928053414709
S-181218-06099,-4.521606499569664,-2.178341841704872,6.8249086448042275,-2.465948392666439
S-181218-06100,-4.3512290692326685,-0.7315273362134502,4.946808838712525,-2.216785187397288
S-181218-06101,-3.485830025392552,-1.2728477790219321,3.959450271343416,-2.151200668851092
S-181218-06097,-5.227828747468078,-2.0041646272936617,7.458000642626855,-2.896213236405713
S-181218-06115,2.504576995646585,-0.35007019931321515,0.9037831737752706,2.3828181186356763
S-181218-06134,-0.886018011986708,-0.5830982964525041,1.3319276668923075,-0.9471240567223176
S-181218-06135,-1.1741659282988326,-0.5576228806033469,0.036208396425457576,-0.8677833997074781
S-181218-06140,1.14035695058292,-0.2706522826279764,1.7150772015687692,-0.9030808526584603
S-181218-06141,0.10445553750830766,0.1530059687584717,5.043159102021638,-1.1838122643354119
S-181218-06142,0.16338177110193153,0.9551642002211204,4.367040979478063,-2.1279286629508984
S-181218-06143,1.9933608169781163,1.317767789982895,-1.765073617883001,-0.27961493787677016
S-181218-06186,3.918398814467286,1.588086930797737,-6.182398639385302,1.3248322925875293
S-181218-06187,3.9391828276876266,0.6044295984382766,-2.8391822351535763,0.9798196899818911
S-181218-06188,2.785541764592292,0.04607981563659136,-1.5013431796025862,0.724658293885124
S-181218-06189,-3.757985766779035,-1.01093686227249,4.773773902664327,-2.636141792602697
S-181218-06210,-4.457708032179761,0.6935064983384207,4.159406176984745,-4.597951390676459
S-181218-06207,-1.8151354513592062,0.35967072030943514,-1.72569196165536,-4.757322134453162
S-181218-06206,3.3311209992713584,4.631316886957075,-1.0972666781910978,-5.311600659049335
S-181218-06211,-0.17860894889197476,1.3430177157172607,-0.5561731565297208,-2.0142629536724894
S-181218-06205,0.38020821890679457,0.11872708447428522,-0.8011724316122851,-5.337577896771305
S-181218-06209,0.7196462776194859,2.1725535013644723,-2.828868649642895,-3.4284435787500493
S-181218-06208,-1.0586479067178538,1.8752231458089896,-1.2880606422325283,-3.7197118111491894
S-181218-06213,-5.959752933542295,-2.2154235790528722,10.048166087079437,-3.569531752956908
S-181218-06214,-6.532605994911852,-0.9842585180754101,6.295109856429908,-3.983622862266568
S-181218-06217,2.1292141853559525,0.6684080512206106,-2.9683441164353694,1.8653435921860921
S-181218-06219,-0.8337667623991027,-1.4509600152462059,1.0757048706000871,-1.0791559510945328
S-181218-06227,0.3028058501672136,0.5915102574780954,-0.936609989081028,-1.0170643533437502
S-181218-02999,2.7228795458374226,2.201322239966779,-5.434988778782776,0.20125117944473278
S-181218-03725,2.0290967921047076,1.0432593167083581,-1.2606077066391734,0.2560990130654607
S-181218-05744,-0.2774595117571821,1.261669921954066,-0.43442581223336346,-1.223687307417525
S-181218-02980,1.7458810288979778,0.4212781535701817,-0.2899313278230646,0.41721212404321356
S-181218-05794,-2.83750525875177,-0.31116429936991574,4.258144935131479,-2.896483313752088
S-181218-05870,6.146270777081061,2.38754119156639,-4.9839922381906385,1.8494506498334504
S-181218-03774,-2.5006365058293922,0.513595311554767,5.0790615352100135,-3.908240792028323
S-181218-03765,1.3545007953457957,1.506547256199098,-2.4212886018559443,0.6692122347780168
S-181218-03603,-3.4402700327425237,-0.8997239066370102,2.649744692344884,-3.607884448888169
S-181218-03727,-1.6181359438568443,1.1503017756593856,-1.8888800157978431,-1.2236224409617589
S-181218-05893,-0.5414340391707025,0.8350015834521008,-0.6723530671319313,-0.8570688825423434
S-181218-03641,4.3816457920261636,2.379238800842913,-1.9429323101099194,0.8325087604513955
S-181218-05928,0.903752337080418,0.2541767957401679,-1.4597475834006741,-0.5806632068338315
S-181218-03647,-5.2377153591203705,1.1490437193618483,2.873622262296625,-1.7286885986556064
S-181218-03802,-3.8820697008256304,0.2726993627950349,0.48424807250579815,-1.7373754738868383
S-181218-03581,-4.223090114850674,1.4506738129156584,2.5253203091696004,-1.3200661840802588
S-181218-03891,3.7925173167486155,3.0539692476555746,-2.5906449544312555,1.799639835300837
S-181218-03857,5.181157706616617,0.6732627860055451,-4.400279101813433,-0.019337252264098638
S-181218-03146,4.326403906707744,2.2489575824574324,-0.6294614895384151,2.5424267860130807
S-181218-03147,-1.1637681754076241,-0.3522669162905895,2.391885357454355,0.24300618282812353
S-181218-03150,0.6513737783326321,1.9437578113686163,-0.6296008344967255,0.12384309919971447
S-181218-06025,7.7246306283247455,1.6656665898320746,-3.442976298363619,1.70444174347418
S-181218-05778,4.379665015235595,1.9975466264895694,-3.567359330820308,1.086459851879699
S-181218-03165,-2.1864906819703482,0.6016344691536121,-0.9349962578786275,-1.9070993386038577
S-181218-03167,0.919603497003026,4.077409745295107,0.8206127033655006,-0.5325668993618559
S-181218-03168,-0.4712168234013449,2.0939039281293925,-1.025838736560933,-1.5689238188737222
S-181218-03218,-1.6025097827186228,0.6822948509650936,-3.381776402242852,-0.9875012386593338
S-181218-03262,0.9421589236600946,1.3918188332797177,-3.5615500949491192,1.0543182512678244
S-181218-03264,2.544224803434903,1.622557651857439,-0.7131790975988326,1.7844621937951692
S-181218-03266,0.9292508881661079,0.6168943984132538,-2.6706982596424536,0.8324845024771181
S-181218-03267,2.0628503496659967,2.3093421678911525,-4.037587883131126,1.8314836475528273
S-181218-03265,3.706623266536689,1.660053574833206,-1.4868971211789719,2.279269796451507
S-181218-03283,-0.7224418011572785,1.719850850426676,-1.447751248925507,-1.3594930529375062
S-181218-03284,11.093817687654205,5.92945334306952,-18.298707123349296,6.191622384110796
S-181218-03285,0.9554918008021012,2.0104607527842147,-0.24925311678169823,-0.045084482039208104
S-181218-03286,0.010843458155592747,0.7672492060447459,0.474564198395515,0.12484306985041604
S-181218-03308,0.9801657927535428,0.8952349049430426,-3.2416488196058495,0.9049071396552334
S-181218-03310,0.3090287774127136,0.37840650660570874,-0.811633137375799,-0.49885253352233533
S-181218-03307,-2.1315596456310364,-0.010410172496071235,4.480931830730054,-1.078199327956523
S-181218-03309,0.10510061695371374,0.2381955330471521,0.06546527037209199,-0.09313919468203985
S-181218-03311,0.9741709138536494,0.9144025786314056,1.020679721978585,0.21560589110580533
S-181218-03328,4.272692257905979,0.8804664068039656,-6.064532981436988,1.986166093117676
S-181218-03361,-2.8072128655050914,0.6104450559875703,-1.113644972755577,-1.272577636796525
S-181218-03362,1.2369892984648565,1.8557665075052017,-1.6636658484155566,0.874835825099345
S-181218-03363,-1.3314598731194327,0.6371233488098252,2.7234371094159227,-0.07391277560809939
S-181218-03364,1.239142015519114,1.4803650334229639,-1.967022624692725,0.6242997080504867
S-181218-03365,5.185457924741342,1.8875432865234296,-7.8749170937680795,1.5465297585822644
S-181218-03407,-3.181130884750124,0.4842719263985582,3.1102847232598596,-4.548857585992192
S-181218-03423,-4.330018896298506,0.24074254165828418,2.637162575691649,-3.3346639201486363
S-181218-03447,-6.249061102642852,-1.3921997515508615,3.4877347145101694,-3.446507779228763
S-181218-03451,5.045907097895151,4.959040461212789,-2.3874212704958184,0.5641832176202467
S-181218-03454,-0.1468841116625468,2.286046736170489,0.2439046809841139,-0.9973848274084224
S-181218-03455,1.8617018066889568,1.8781677587677914,-3.293637757030613,0.5128455235731972
S-181218-03460,-0.9415049798484267,0.9790076559597829,-1.3220120618574054,0.03806028654646726
S-181218-03461,-4.881214338293944,-0.7232316708973774,4.037884197751267,-2.1760904858452164
S-181218-03472,-0.701772807762175,-0.06869747075493764,-2.8566829309222674,-0.15341617536693125
S-181218-03473,-0.30286254104038407,-0.3054848898289211,-0.5482422496194844,-0.30449393346263015
S-181218-03474,-1.0209170949001376,0.24262423201939545,1.0397220600817267,-0.715561380312316
S-181218-03475,-1.2939571684670041,-1.2212977896872808,0.781168067428583,-0.4045526944457144
S-181218-03476,-1.2013353511284306,0.10571917410367701,-0.2156668565244742,-0.21062834780764123
S-181218-03477,-4.127994812304231,-0.020370044447009933,7.481390214527765,-2.3188630103169183
S-181218-03478,0.7043324222137628,2.3315468957144185,-3.991629491053219,-0.17152092786865555
S-181218-03480,-6.671093526320911,1.5356827338244454,-0.11995144536551722,-4.556339538548091
S-181218-03499,-0.5106780600236375,1.6742864388635221,-2.885704750004606,-0.8115862648173244
S-181218-03500,-1.729169833887083,-1.4394287596778261,1.1888595393849346,0.00856243856143834
S-181218-03501,-2.1264895864011586,-1.5997557667821476,3.996653039659994,-0.44409900398500174
S-181218-03580,-0.34916951709024896,-0.7731975265904641,3.3655069109274125,0.7820906046965759
S-181218-03514,-3.6551473982318767,-0.7200275852338197,4.196281256850324,-3.6218041807435477
S-181218-03515,-2.779605185561041,-1.6601828415853699,6.102978981774594,-3.5586826943502157
S-181218-03516,-0.22623071836152414,-1.1102108439766862,1.618083630790319,-1.3254249235752893
S-181218-03517,1.4430064744533397,0.9979259762064779,-1.3102546566321027,-0.7490595570917442
S-181218-03518,-1.1244329594133955,-1.3142088432118602,3.286086408899801,-1.5841990642560726
S-181218-03520,0.812975743445933,-0.8053735653539646,0.452681314453786,-0.5387158540036134
S-181218-03519,0.15483216924375878,-0.40672915666681714,0.03517152795242859,-1.1025895082830799
S-181218-03540,-0.3331961521343133,0.8420988981922303,1.1756954773943824,-1.1802307429708137
S-181218-03547,2.357531132737115,0.29491380355991975,6.415974676744223,-0.22957917100664263
S-181218-03546,1.9656975740953437,2.4038505389128195,0.618293456593044,-0.7832589010788119
S-181218-03564,3.427140315703271,1.9450978594450632,-1.9946884371583686,2.351652451805801
S-181218-03565,-14.878614235718503,-1.903182709825873,17.96631956037509,-7.4509749114604364
S-181218-03566,2.482183465822071,1.1448136893599887,-2.853073353662421,1.589903602282226
S-181218-03567,2.340679205730374,1.1729072463732955,-1.286404783275372,1.9156651407833332
S-181218-03568,1.1862888805762655,2.486364329294048,-1.1994286902064069,1.0031672474147362
S-181218-03569,3.0847708590372123,1.9086860148107383,-1.4189349064813273,1.843310735128333
S-181218-03570,1.9796323792226005,1.47152019229749,-3.476365522523967,1.109464747693698
S-181218-03573,0.4348095809836448,0.6929506579675635,-0.804137088941452,-0.407611401319808
S-181218-03575,1.678164802770805,-0.11378323349065109,-0.6758336407549065,0.3557902674676705
S-181218-03576,4.080493497855816,0.841000597339946,-6.748464200848935,1.6931285837633911
S-181218-03577,2.6464373569636477,0.3664846389480384,-1.211918214525385,0.9820661252542774
S-181218-03574,0.3680710838518986,-0.22537654264065465,-2.329736466958156,-0.3919765606267765
S-181218-03582,1.3661500122083625,-0.3876940106270191,-0.35373843499155155,0.9984712303171108
S-181218-03583,-1.352194583403721,-0.9421813435893986,5.222772568647319,0.0624708915272109
S-181218-03584,2.037498286678353,1.3753719637222617,-0.3464703877901933,1.9555796955442992
S-181218-03585,2.2445839910113765,0.2341179930490871,-2.619146864505534,1.957377722063878
S-181218-03586,2.8340536439396793,1.4661381882093774,-2.265268185635202,1.685265634726417
S-181218-03587,2.9661981497434744,1.5397533350993204,-6.276778031773386,2.679233061679226
S-181218-03612,5.440089999844379,0.8922954429931103,-7.739205210993514,3.4823889932795513
S-181218-03613,5.928132057332476,0.004054666456486486,-4.825833000733914,4.0011204161247855
S-181218-03614,4.88139337552369,0.5334602914182484,-8.18300968108889,3.5207721273476382
S-181218-03615,4.563906408770665,0.6833055657696822,-9.06754827214513,3.3088150477221197
S-181218-03616,5.298157877215934,1.2071354393454696,-6.790685840689718,3.3617594915660214
S-181218-03617,3.811677876356658,1.113246952992428,-7.273665690598096,2.4304263572413953
S-181218-03620,0.43548519785192086,0.016849173451442753,-4.011320707119755,1.6230910091306732
S-181218-03621,0.3809710381046998,0.4401303149179406,-2.0657093621076243,1.0497964565555928
S-181218-03622,1.6563491861323116,0.2769344839134845,-0.4526502336325726,2.334765515307846
S-181218-03623,1.3190990447505209,0.45720330771667517,-2.287334023573042,1.380124833716859
S-181218-03619,0.46927451127360614,-0.04227837179972983,-2.5329602265995943,1.4753320971858201
S-181218-03624,3.3137547296901015,0.9062434864968955,-2.252676928377851,0.7310085012805768
S-181218-03625,0.6220461268956555,-1.4963832262012697,2.946286284771734,-0.2786011616659988
S-181218-03626,2.7670144308080236,2.1187889223272305,-1.0368911644382244,0.7438592164994186
S-181218-03627,2.345760972439882,0.17303805598540004,0.42045760773433233,-0.20442821074610215
S-181218-03628,1.0974804115083683,0.1348562720830923,-0.17129028678119396,-0.1718416695876231
S-181218-03633,3.9769124908108155,1.4116049060040528,-4.821916426017901,2.2963362141933366
S-181218-03635,3.5583396358841024,0.791219429453114,0.22908438912685947,2.1208609566075376
S-181218-03636,3.093708746843352,1.8274468244973987,-5.232790156676199,1.7524507305106996
S-181218-03637,2.933027046571069,0.7573364762672243,-3.3273216048566807,0.9873432418223754
S-181218-03634,2.569349984593634,0.13371756518737815,-2.4364147641386884,1.6911782588529451
S-181218-03643,9.755951268468936,1.0344318233419902,-0.10925534861449143,1.8665772587221199
S-181218-03644,10.010491909284932,0.2970694470821241,-6.565611732244111,2.8084966997414424
S-181218-03645,10.981448174724088,2.6689180923800757,-7.0589579126209845,2.6756678144885426
S-181218-03646,11.597744600414904,1.1635480707096517,-7.266152695287433,3.0858947476905767
S-181218-03648,11.348693519654558,3.629288575294246,-8.965316152226563,3.1157152361760456
S-181218-03663,-2.5378964500572336,0.2655223567613603,-2.468789408814237,-0.31148878489099113
S-181218-03664,-8.906682647895693,-0.38181264529635006,12.953029807458673,-3.1684913149981853
S-181218-03665,-2.0370801787767445,0.22260035826830998,-0.13855336181609285,0.7086768087996244
S-181218-03666,-6.40090419111168,0.12334140202166766,9.22415470976323,-2.1565015701396963
S-181218-03667,-1.619455839770103,-0.5494736244507165,-2.2360179854954536,0.6788854583326688
S-181218-03668,-3.3471990502502322,-0.7172292567924952,1.9174748017300933,-0.5521491348567507
S-181218-03721,-6.420584100644893,-1.7696414312350155,7.226319766966437,-3.524676328963312
S-181218-03739,0.36771540095505234,1.6766638115181514,-5.340192468681197,-1.2493094780708032
S-181218-03756,0.522754250065042,-0.4678595995464586,-1.8937602813024694,1.6478221583155084
S-181218-03757,2.111404137680625,-1.002117787090768,-2.272314403623967,2.489153438115338
S-181218-03758,0.8573762218714438,0.11201228869898962,-3.5772707193909077,1.3794693915645402
S-181218-03759,2.203644121282822,-0.04098160936172614,-2.809439676979355,2.1544358602523483
S-181218-03760,1.9680692948081189,0.5091090699178804,-0.594442164328683,2.320274229019317
S-181218-03777,6.130158170470014,3.246614189793859,-6.0854141239688815,3.2382935202628875
S-181218-03778,3.694672210309661,1.8015242200211414,-1.4115025000864807,1.5690791687480143
S-181218-03779,7.496939352238859,2.983825278727612,-7.996581955924462,4.1639816517550665
S-181218-03780,5.999666946619046,2.113648262027261,-7.700262699163042,2.7790079758540966
S-181218-03781,6.111017814440805,3.3183559820502206,-11.835482661549348,2.642746543213139
S-181218-03782,7.295421745397273,2.5614461769718275,-7.095489344162142,3.238991951395701
S-181218-03795,-0.3414915913219661,-0.6840711931162131,0.5889660109619759,1.404804666019888
S-181218-03796,1.6603518239405883,0.22208560629875057,-1.5406137662513082,1.894808099273756
S-181218-03797,0.5640473272366662,0.14460790331585563,-1.6622091635430765,1.3993287396599585
S-181218-03798,2.187771807586852,1.1530825463630174,-4.784966326224131,1.839181330298912
S-181218-03799,-0.2965796598746871,-1.0317280553213963,1.569239212705519,0.35362741269181336
S-181218-03807,-9.470683159141585,-0.4738775994030794,17.209098192716215,-5.363204274231418
S-181218-03808,0.6761260634272588,-0.23836743450037806,2.689119149055349,-0.8465754394179604
S-181218-03809,2.1845583890970763,0.9718487166495089,0.8972368816664107,-0.28567625839884087
S-181218-03810,0.8063024693585945,0.7361186818988201,-3.984723526153675,-1.3666547801301185
S-181218-03818,-0.3554720055300191,1.2148251396409424,-1.7015373793544961,1.0169132806731622
S-181218-03819,1.0252601880667915,1.4889293870459401,-3.1821262319055883,1.069325126406338
S-181218-03817,-4.602090206908893,1.2641883822258702,14.710299122063482,-1.51835513924944
S-181218-03820,-1.336117217819553,2.1025661551279464,-2.0683031341235307,0.03165468029174001
S-181218-03821,-0.8615374523067749,1.4696198760439025,-0.19607665508896355,0.4415876403713801
S-181218-03827,-3.211632198616113,-1.3106470076282841,0.9724239370619118,-0.6628604922524871
S-181218-03828,-2.667329828863891,-0.16489261420844156,5.796297109583646,-0.8091467556001561
S-181218-03830,0.1862691850226489,-0.3783893604784378,-1.1922064695043235,1.3905471730597898
S-181218-03831,-4.014986993912405,-0.27446796275613994,13.758617538026666,-0.9807196140369717
S-181218-03829,-0.9304323950067301,0.37179686747687707,-1.2304684981572995,0.6517988271099731
S-181218-03832,-4.556434527303824,-0.9868680322010344,6.324553788841983,-2.775489395677428
S-181218-03842,5.578473799198656,2.0223428343442005,-6.195039249622267,3.677420724942626
S-181218-03843,-6.021941957015192,0.45392199348628726,16.61969338327035,-2.479579892235879
S-181218-03844,4.898478037414463,1.9624539747824068,-5.593077353149359,3.302105760164616
S-181218-03845,5.355176483351444,3.3034258658049396,-5.475313071288141,3.570669576197756
S-181218-03846,4.298108997475365,2.283004279208242,-2.9118881121593154,2.721039027562093
S-181218-03847,6.126980697938172,2.584455079874843,-4.240014914728065,4.0261715948978525
S-181218-03858,-1.722939216105722,-0.13837675547219114,2.2651405387881707,-1.7059142944715537
S-181218-03859,-1.7934322132957463,-0.06407225551124199,0.0726799596839991,-1.61337050376072
S-181218-03860,-0.7451898488931471,-0.7092832112293302,3.273976434906146,-1.1258847758851058
S-181218-03861,5.011246890503459,2.227421778182743,-4.315584231409068,2.749734892973329
S-181218-03862,6.6548077082044195,0.9377819832292071,-4.712201403836501,3.876063100376055
S-181218-03863,4.446546224066271,1.4375063519361926,-4.41751126303586,2.035158073748421
S-181218-03864,3.993058799535712,1.390309116940802,0.8051433957935035,2.4196609419227544
S-181218-03865,5.320297349218713,1.6799725205573592,-5.273020985290657,3.0449275282578334
S-181218-03876,5.949345334944798,0.7202095159311565,-2.924218902221972,5.139345279441459
S-181218-03877,6.901050656929451,2.46640599245916,-7.466759808829783,6.027388571908052
S-181218-03878,4.8660903832319296,2.330536631449037,-8.521674154748737,4.874557170864468
S-181218-03879,5.339809942616759,1.1755602210514198,-1.6127685258113276,5.390927546087043
S-181218-03880,5.180292287531298,1.3462628849056655,-10.791620851259866,5.5907724872683735
S-181218-03884,0.3644737749190032,-0.22924509573831908,-0.7573044768188136,1.093983890244154
S-181218-03886,-9.009322690236866,-0.5744194297616289,16.061423267241416,-6.357615364400342
S-181218-03887,0.38071075809612764,-0.5298466190428496,2.446609284212059,-1.8903596905753075
S-181218-03888,-1.3182110708546888,-0.009158851754846223,0.660735371663937,-2.5349941826391933
S-181218-03889,-0.594811946516411,0.41772379297802764,-0.42961954401661684,-2.2529224656073663
S-181218-03897,1.43853476032529,1.0644949586834245,4.810404896998201,-0.2195572419692126
S-181218-03898,5.306899276174292,2.097213851997551,-7.377696554333106,1.0646807373021179
S-181218-03899,5.199499924830718,2.690304549569392,-3.5509671743757067,0.8053631345050867
S-181218-03900,4.909472098762074,2.133694026618331,-1.6094139616437475,0.6462611854706749
S-181218-03901,7.248135970631185,1.227538980575436,-3.3021495247212513,1.1771119444612654
S-181218-05735,-9.184001764185414,-2.1041233514509203,5.379917570995315,-4.852260074982238
S-181218-05747,-1.259941459999774,-0.6372476008381419,-1.8496880707786192,-1.5762445155909435
S-181218-05748,-1.424778873297113,-0.9195967265868965,-0.8726955852006785,-1.3690414037821068
S-181218-05749,0.23664824903358805,-0.32966596673766085,1.4815077225801094,-0.3788935218900319
S-181218-05750,-1.4373145219720007,-0.8461024724467469,0.754495456480392,-1.3281105037605132
S-181218-05751,-0.14149133403215908,-0.016430022584783953,2.5300803908330023,-0.1102129371540147
S-181218-05763,1.7924856275507635,-0.9158928316459098,-0.5249210526797581,-0.9561598431363917
S-181218-05762,-0.8730998197128749,-1.535318903021269,-0.03717113180589675,-2.093426290141508
S-181218-05764,-0.9710328031966593,-0.31139475416339124,-1.4165099891983677,-0.5338921609188019
S-181218-05809,2.3871926587993135,0.5520777139379401,-2.4155551499935433,1.9607784840406175
S-181218-05810,3.3579067619318606,1.5390324580504102,-3.2208930480031195,2.2653543189050147
S-181218-05811,4.330302970252569,1.044020584086953,-4.3885045484593315,3.4165349902400113
S-181218-05828,-2.1888470098849693,-0.20066841675690808,0.5004905537419178,-1.2174177352514797
S-181218-05829,-0.5217446925936813,0.13937643182063458,2.2083722724082135,-0.0609302697453534
S-181218-05830,-0.24811791989508883,0.4511970465879299,-1.2253618200387875,0.07873601518289579
S-181218-05831,-1.52309210739789,0.12283699812499894,-0.7632819757761551,-0.329844512327667
S-181218-05857,0.4080773032080083,1.3676908428390102,-4.787373275830104,1.16894024013701
S-181218-05856,0.07376404261886618,0.9122663342951358,-2.329340951086449,1.1154913929958805
S-181218-05858,-5.418251951538518,0.3489095976695044,0.8791078264256054,-3.4191259720111273
S-181218-05859,-3.059092157043591,-2.67427191118535,1.6167668133113569,-0.28881514453380136
S-181218-05861,3.2054760264190634,1.2933625634487358,-7.570672899333717,1.2991073371526116
S-181218-05862,3.7574760624561274,-0.1659679220844563,-5.048025421840421,1.125146747176471
S-181218-05867,1.6662198299928115,1.2588949535109646,-2.5025822519047516,1.1178602094609082
S-181218-05868,1.0538379106523967,-0.7282235365311545,0.054033455051958584,0.6691411988613617
S-181218-05866,1.2837859477448212,-0.6420184716934801,-2.6063558775527085,0.6392600819924877
S-181218-05869,1.2576596798896214,0.18770941506297037,4.228675246211556,0.7179087424503543
S-181218-05871,3.399626884815938,0.839455825889845,-5.773835762570045,1.3671636537276477
S-181218-05865,1.4535508712379765,0.41178856787887796,-3.0381372716079325,0.8295070350750671
S-181218-05892,-4.662496011901239,-0.4678359602961085,2.861930662877097,-2.665998592211477
S-181218-05914,2.4281384224899165,1.213827513804556,3.8535709808605,-0.7831367006228552
S-181218-05929,1.116439390244185,1.3757993307674792,-3.120155346598516,1.6585974289162344
S-181218-05930,1.1886986773702344,1.7691609398440025,-6.077793409057807,2.4580718696855337
S-181218-05931,1.7490745874961653,0.9758387194330507,-4.7610929347004936,2.6939293035432206
S-181218-05932,2.019033174760246,0.9357775890492465,-2.9272323601580648,2.8511708460980953
S-181218-05937,1.5573972544384778,1.1166233947151214,-0.2965404435087302,-0.5257616934828665
S-181218-05950,0.8631776649847065,0.53033850326005,-2.4237487595796865,0.5675474554372287
S-181218-05954,3.2616808229848813,2.6873339780955616,-3.185002325126008,1.7509135165871776
S-181218-05955,4.21091344011114,3.24032853688683,-7.24243832573958,2.7701244215892404
S-181218-05956,2.881193833651151,2.57197730634777,-5.371553817581831,1.7056792656148403
S-181218-05957,3.826601563902137,3.113418193617444,-7.116619859060131,2.3479304052627286
S-181218-05977,3.1654242644038635,1.1307433291244142,-6.5429664900375215,0.8111118076092713
S-181218-05978,-0.395893555481216,2.0959078556725315,-6.055163572903534,-0.7205670674480673
S-181218-05980,5.430681025922589,1.4473812226389065,-5.0967383236588635,3.1815353089800023
S-181218-05981,6.11645100690247,1.0905037899594008,-5.507515624756703,3.3570518526342012
S-181218-05982,7.020522089617821,1.466000785190245,-8.272574050209787,3.55891769001581
S-181218-05989,-4.3477379369522975,-0.5437210320984187,1.3916592825819531,-2.480419056948479
S-181218-05990,2.6525753669274446,0.01785840994644175,-6.664386517321425,1.7246809486052213
S-181218-05991,-3.105530056844214,-0.14339906162531757,2.4346669096574067,-0.8967199614332392
S-181218-05992,-2.0034583280562304,0.6702116044787374,0.06467634225153915,-0.7400557760403764
S-181218-05993,0.23449489380956223,-0.46902341334155806,8.94100672138199,0.557054731596659
S-181218-05994,1.9915118681058481,1.1036877100013818,-2.151746632215504,1.9046267825198362
S-181218-05995,2.321530578462911,1.8020052064523093,-3.1520431385885157,1.4789585478822898
S-181218-05998,1.7973095269659762,3.266303081808371,-8.605368562842395,1.6999884871269035
S-181218-05999,1.5738876212076236,1.8076561597488654,-2.2709336500278647,1.29267797727512
S-181218-06008,1.1325013374990547,-0.17511907026431928,-0.25073049517665214,-0.11951203377821792
S-181218-06015,-1.4284113693930913,0.3015319488409134,1.9049730551397868,-0.5629229711516616
S-181218-06024,-1.3533464245269218,0.661580002268401,-0.49333103614327256,-0.3201506998026981
S-181218-06064,-2.629416572396465,-0.35466470930656935,-0.34126109095794377,-2.5031573831612386
S-181218-06071,-2.3068421837515287,-0.248394994720645,-0.3920975487319419,-0.972360978656869
S-181218-06072,-1.0180503519939679,0.3547464351156933,-5.1290569780893955,-0.7200584490706283
S-181218-06073,-0.5373817992936671,-0.27912010858714603,-3.88828348070273,-0.1792060874212032
S-181218-06074,-0.8581159479639927,0.2725634084999754,-2.864524617726066,-0.509653420509553
S-181218-06086,-3.1547686311004717,-0.5828784716318465,3.009241608243978,-2.3502837851739353
S-181218-06124,-2.6168315917167404,-1.1348711045048203,2.5944749517592,-1.8617486526512048
S-181218-06125,-4.168111393453982,-0.9052220814051173,5.2185330734894695,-1.8105582326696288
S-181218-06126,-4.2917221789222415,-1.2610524124923883,5.405212331972797,-2.5507234060143884
S-181218-06127,-3.186271320983734,-1.7324735574860526,5.857873061660785,-1.7511638463897083
S-181218-06157,4.1939788607137976,0.9127157307392639,-5.813755236125201,2.478846078519301
S-181218-06158,2.6134881512018646,1.0218550045796804,-3.018602213520106,1.4107002343638884
S-181218-06161,0.838053609697584,1.274855286678585,0.21455116381497677,0.2963270247194707
S-181218-06162,-0.32739698549033186,1.6855231149159042,-1.1885641405059613,0.5571820962370686
S-181218-06165,1.8335125428357153,0.7376755653020644,-2.5783142123902834,1.7844104667997944
S-181218-06177,-0.16980112917420134,1.3257378990110975,-3.7032077567971067,0.18593553717425815
S-181218-06178,-0.03078112558660978,0.09677232998083228,0.5431951705684528,0.2816880321418222
S-181218-06184,4.406666870904614,1.5851995550023403,-8.07352056886866,3.075618288016593
S-181218-06192,1.4668429806793142,1.1408887155815313,0.47802273455214717,0.42483501227310005
S-181218-06228,1.9877315246899327,1.3158189282494073,-0.8300854904458448,-1.3903816385914716
S-181218-06229,2.6874646660947548,1.3187018596133655,1.6587062455798387,-1.4564571397948636
S-181218-06231,-2.9600416197793704,0.1314022583729706,1.9913510460918227,-0.20522533567479573
S-181218-06232,3.478887298743235,-0.3385699765595301,1.81953073526945,2.129594114620886
